--
-- PostgreSQL database dump
--

\restrict E87N7xItzeEExQOsdwi47TQ3QBvOQpsAfOAVyb5y5P6hESaQkUHMxw1yxXLCtc6

-- Dumped from database version 16.11
-- Dumped by pg_dump version 16.11

SET statement_timeout = 0;
SET lock_timeout = 0;
SET idle_in_transaction_session_timeout = 0;
SET client_encoding = 'UTF8';
SET standard_conforming_strings = on;
SELECT pg_catalog.set_config('search_path', '', false);
SET check_function_bodies = false;
SET xmloption = content;
SET client_min_messages = warning;
SET row_security = off;

--
-- Name: uuid-ossp; Type: EXTENSION; Schema: -; Owner: -
--

CREATE EXTENSION IF NOT EXISTS "uuid-ossp" WITH SCHEMA public;


--
-- Name: EXTENSION "uuid-ossp"; Type: COMMENT; Schema: -; Owner: 
--

COMMENT ON EXTENSION "uuid-ossp" IS 'generate universally unique identifiers (UUIDs)';


SET default_tablespace = '';

SET default_table_access_method = heap;

--
-- Name: dokumen; Type: TABLE; Schema: public; Owner: dokumen_user
--

CREATE TABLE public.dokumen (
    id uuid DEFAULT public.uuid_generate_v4() NOT NULL,
    unit_kerja_id uuid NOT NULL,
    pptk_id uuid NOT NULL,
    jenis_dokumen_id uuid NOT NULL,
    sumber_dana_id uuid NOT NULL,
    nilai numeric(15,2) NOT NULL,
    uraian text NOT NULL,
    file_path character varying(500) NOT NULL,
    created_by uuid NOT NULL,
    created_at timestamp with time zone DEFAULT CURRENT_TIMESTAMP,
    updated_at timestamp with time zone DEFAULT CURRENT_TIMESTAMP,
    nomor_dokumen character varying(255),
    tanggal_dokumen date
);


ALTER TABLE public.dokumen OWNER TO dokumen_user;

--
-- Name: jenis_dokumen; Type: TABLE; Schema: public; Owner: dokumen_user
--

CREATE TABLE public.jenis_dokumen (
    id uuid DEFAULT public.uuid_generate_v4() NOT NULL,
    kode character varying(50) NOT NULL,
    nama character varying(255) NOT NULL,
    is_active boolean DEFAULT true NOT NULL,
    created_at timestamp with time zone DEFAULT CURRENT_TIMESTAMP,
    updated_at timestamp with time zone DEFAULT CURRENT_TIMESTAMP
);


ALTER TABLE public.jenis_dokumen OWNER TO dokumen_user;

--
-- Name: petunjuk; Type: TABLE; Schema: public; Owner: dokumen_user
--

CREATE TABLE public.petunjuk (
    id uuid DEFAULT public.uuid_generate_v4() NOT NULL,
    judul character varying(255) NOT NULL,
    konten text NOT NULL,
    halaman character varying(100) NOT NULL,
    urutan integer DEFAULT 0,
    is_active boolean DEFAULT true,
    created_at timestamp with time zone DEFAULT CURRENT_TIMESTAMP,
    updated_at timestamp with time zone DEFAULT CURRENT_TIMESTAMP
);


ALTER TABLE public.petunjuk OWNER TO dokumen_user;

--
-- Name: pptk; Type: TABLE; Schema: public; Owner: dokumen_user
--

CREATE TABLE public.pptk (
    id uuid DEFAULT public.uuid_generate_v4() NOT NULL,
    nip character varying(50) NOT NULL,
    nama character varying(255) NOT NULL,
    unit_kerja_id uuid NOT NULL,
    avatar_path character varying(500),
    is_active boolean DEFAULT true NOT NULL,
    created_at timestamp with time zone DEFAULT CURRENT_TIMESTAMP,
    updated_at timestamp with time zone DEFAULT CURRENT_TIMESTAMP,
    jabatan character varying(255)
);


ALTER TABLE public.pptk OWNER TO dokumen_user;

--
-- Name: schema_migrations; Type: TABLE; Schema: public; Owner: dokumen_user
--

CREATE TABLE public.schema_migrations (
    version character varying(255) NOT NULL,
    applied_at timestamp with time zone DEFAULT CURRENT_TIMESTAMP
);


ALTER TABLE public.schema_migrations OWNER TO dokumen_user;

--
-- Name: settings; Type: TABLE; Schema: public; Owner: dokumen_user
--

CREATE TABLE public.settings (
    id uuid DEFAULT public.uuid_generate_v4() NOT NULL,
    key character varying(100) NOT NULL,
    value text,
    updated_at timestamp with time zone DEFAULT CURRENT_TIMESTAMP
);


ALTER TABLE public.settings OWNER TO dokumen_user;

--
-- Name: sumber_dana; Type: TABLE; Schema: public; Owner: dokumen_user
--

CREATE TABLE public.sumber_dana (
    id uuid DEFAULT public.uuid_generate_v4() NOT NULL,
    kode character varying(50) NOT NULL,
    nama character varying(255) NOT NULL,
    is_active boolean DEFAULT true NOT NULL,
    created_at timestamp with time zone DEFAULT CURRENT_TIMESTAMP,
    updated_at timestamp with time zone DEFAULT CURRENT_TIMESTAMP
);


ALTER TABLE public.sumber_dana OWNER TO dokumen_user;

--
-- Name: unit_kerja; Type: TABLE; Schema: public; Owner: dokumen_user
--

CREATE TABLE public.unit_kerja (
    id uuid DEFAULT public.uuid_generate_v4() NOT NULL,
    kode character varying(50) NOT NULL,
    nama character varying(255) NOT NULL,
    is_active boolean DEFAULT true NOT NULL,
    created_at timestamp with time zone DEFAULT CURRENT_TIMESTAMP,
    updated_at timestamp with time zone DEFAULT CURRENT_TIMESTAMP
);


ALTER TABLE public.unit_kerja OWNER TO dokumen_user;

--
-- Name: user_pptk; Type: TABLE; Schema: public; Owner: dokumen_user
--

CREATE TABLE public.user_pptk (
    id uuid DEFAULT public.uuid_generate_v4() NOT NULL,
    user_id uuid NOT NULL,
    pptk_id uuid NOT NULL,
    created_at timestamp with time zone DEFAULT CURRENT_TIMESTAMP
);


ALTER TABLE public.user_pptk OWNER TO dokumen_user;

--
-- Name: users; Type: TABLE; Schema: public; Owner: dokumen_user
--

CREATE TABLE public.users (
    id uuid DEFAULT public.uuid_generate_v4() NOT NULL,
    username character varying(100) NOT NULL,
    password character varying(255) NOT NULL,
    name character varying(255) NOT NULL,
    role character varying(20) NOT NULL,
    unit_kerja_id uuid,
    pptk_id uuid,
    avatar_path character varying(500),
    is_active boolean DEFAULT true NOT NULL,
    created_at timestamp with time zone DEFAULT CURRENT_TIMESTAMP,
    updated_at timestamp with time zone DEFAULT CURRENT_TIMESTAMP,
    CONSTRAINT users_role_check CHECK (((role)::text = ANY ((ARRAY['super_admin'::character varying, 'admin'::character varying, 'operator'::character varying])::text[])))
);


ALTER TABLE public.users OWNER TO dokumen_user;

--
-- Data for Name: dokumen; Type: TABLE DATA; Schema: public; Owner: dokumen_user
--

COPY public.dokumen (id, unit_kerja_id, pptk_id, jenis_dokumen_id, sumber_dana_id, nilai, uraian, file_path, created_by, created_at, updated_at, nomor_dokumen, tanggal_dokumen) FROM stdin;
ef6188f7-7c79-4428-bf10-d2e34e6cc9eb	a104364a-574b-4aa5-92f0-31847fbbc055	9d52f054-ecf5-4408-be3d-d00f746e05a1	10f0df84-e67b-4302-8126-4e0f1999bd2a	f9524083-8a21-48fc-9f54-b7936f14560b	300000.00	xfdsfsdf	documents/d026894a-5f43-4304-a968-6c942f6ab531.pdf	9c118cbb-c25c-42f7-9a9c-6a21cab9db11	2025-12-16 10:50:07.250986+00	2025-12-16 10:50:07.250986+00	DOK/20251216/Sekretariat	2025-12-16
\.


--
-- Data for Name: jenis_dokumen; Type: TABLE DATA; Schema: public; Owner: dokumen_user
--

COPY public.jenis_dokumen (id, kode, nama, is_active, created_at, updated_at) FROM stdin;
10f0df84-e67b-4302-8126-4e0f1999bd2a	GU	Ganti Uang	t	2025-12-16 10:31:31.604016+00	2025-12-16 10:31:31.604016+00
df5f56a4-e687-4e60-9c1d-2bb7c993d863	LS	Belanja Langsung	t	2025-12-16 10:31:41.445697+00	2025-12-16 10:31:41.445697+00
\.


--
-- Data for Name: petunjuk; Type: TABLE DATA; Schema: public; Owner: dokumen_user
--

COPY public.petunjuk (id, judul, konten, halaman, urutan, is_active, created_at, updated_at) FROM stdin;
19437902-5b9c-4c01-b7ed-a8384acf876a	Petunjuk	<p class="ql-align-center"><img src="data:image/png;base64,iVBORw0KGgoAAAANSUhEUgAAARkAAAD/CAYAAADFeqI8AAAAAXNSR0IArs4c6QAAAARnQU1BAACxjwv8YQUAAAAJcEhZcwAADsMAAA7DAcdvqGQAAM9USURBVHhe7P2HV1zn2fYNv3/Fu9a3nve5k9yJ4zhxSZw47kW92ZYt23JX753eBBIC1Hvvkq3eO6BCF5IAIYHovc4wvffZe45vndfeG4aZAYGakTyX1+EBRB32/nH28/9B8ARP8ATPUzz/j+8bgid4gid4nuQJQiZ4gid4nuoJQiZ4gid4nuoJQiZ4gid4nuoJQiZ4gid4nuoJQiZ4gid4nuoJQiZ4gid4nuoJQiZ4gid4nuoJQiZ4gid4nuoJQiZ4gid4nuoJQuYFPh6Px0/BEzzP+gQhEzy9Hl9IPQ0Fz4t9gpAJnuAJnqd6gpB5gY+vxRC0GoLntzhByLzAJwiY4BkIJwiZ4Ame4HmqJwiZ5/j4WipBqyV4BuIJQuYJnd/iJn8WX48+M5PnKUr8GsHzYp4gZB7jeHgPbDYHNGojlAotVEoDNBozdFoL9HoLzGYbnE43u5Ge1gkEGl/g8TwPjuPg5ngmV1/k5uF0c7C7ONidbtiekuxODg4XD4e7+9fnSLyHie/280hweopPavA80ROETD8ODw/7i8sDMJiMqKiswZ07JbhTUI6KymbU1LWjrkEmSo6Gpg40NsphMFj7BZq+3kD0bm7ew8BBN2MnRNwcA4TD6WKyO5yw2R2w2p2wONww90P0/haHCxb7UxJ9ficPi4ODxektN6wEIoKci2MQIjkJRkxd0JR+fo7gw3tbSU/Xyguevp0gZPpwBLDQRUwXuQvVtbXIys5FRuZN5N0qQUVNO6obZKhuaEdNoyQZahrkqGlQoK6pAxqd6aEXvGR1SOr8601f3wN2E3Gch8lNN53LDSfdgHQzOggmLtjsBJQuWQkuNgd7WQDG8yF/0Amy2t2wMXX/OW0OJ/v56bmg58XldjPrzfu5DJ7f5gQh04dDlycHD2wuJyoJMLm3cD3zDnLzS1BW3YzKBhlTVSNJ3k2VTYLqm+Sw2ZwBL3aXyw2dTofKykoUFt7FrTvFKLpXhqqaRrTJVDBabLDYHExWqx02q52Bw2pzwubkYA1wk/5eRRBiEl+3OcglI+iQ5cMx1yt4nu0JQqYPR7Jk2joUyM4rwI3MAmRkFaC4tBpV9e2dgKn0goqfGmWQyXTgua7PS9YJwaKisho5uTeRmZ2HjJzbyL19H4X3qlBa0YCyykbUNbajpV0BjdbIYkB2u2CZ2OyuIGD6IQYcFyfEfHjBQqT/d//PK9gdDEg/kfM7gwxFU0j9u3QkyBQWlyAjq4gpM+cOqmpbUFXXJkKmuwXTzZpplKG8vo25VHYHBTIBFwc43R7cKyljlhF9vszcIty5W4nKWnK9JHdLjlomGeoa5WhtU8Fms4uukRjTCKpfIjCTBeiigDh4CP+X5BZF/3W/Yvp31QSPdH6XkOF5N1xON5xOF3vkvOMfAYKF9JrD5URmzk3cyCpkkLldUIqahvY+QYasnPKGdiaD2QWbg4PV5kJFdT0ycvKRkXsbN3IKUFRSi6r6DhbHkQDDIFOvEKVkam3TwGSxw2J7vuIsA08uFgy3UjzH7YLT44IbTnBwgWP/eUCGp3DVeATYBN2tfp/fEWQ8cLldUCo1qKpqxN3iShQVVaKsvBGt7SqoNHqoNQYYjDbYHW5mbUiXExnRFpsNN7JuIkOETNG9KtTUy1BVJ7lLvmDproqGdmbRyNVm6E0OyDp0yL5ZhIzcO7iRcwc3C0pRzQCjRHW9EtUNEmy64CKppl6BDpUZFrvvTRNUv8QyXAJkjEYnlO1OtFQ70FBqR+09O+rvu9BcBqhbPbCZPSyT1z1NGAROX87vAjL018dqt6PkQRWycopxI7MIN7LuoeheParq6GbuQG2jcFPXNivR2KKCSm1gvjv9BbM7nWhuUyAj+zaycu4yyNwrqWFuDH1sVePDVdlAsOlATVMH6loIHjKUVzfjfnk9bhdXoLy2HdWNClTR52tQMMjQ6yQCjyQCUE2jCo1tGhisHMyU+vW9eYLqUWaHSxQHg8OFdqUWxalGpG004OJKI84uM+L0EiNOJRhwOsGI00ttOLfCjtRNLuQddqOt3AqHwwgPrIKN4xvA8VXwvNiQkVwfp9OJu/dKcSO7ENcyi5CRU4ySylZUNShR1ahEdZO3OlDT2IHa+nY0tytRVlGPrKxiXM8owI2sAtwqKEd5ZQuq69qZJSNARtEP+Vs5lfX06Pt+XeoEDH2/pCYVg6HOLNwsvjdSUD3L5HDBaLdDqdLj1tF2nF2sw5lYA05EGHAi0ogTUaZuOh5lxbEYK04tceBwlAu/hLpwKsmGijwDnGZeqCvwBUsQMt3OCw0ZOm63G+XlVaym5XoWBVfvoaS8md2s1Y0qpqomRTfQ1DYqUUdWR70Md+9VIz//AYopXlIrQw25NPUdqBVdGZIvFPqlbpZQgH8PAJlKBsYOaE3OIGR6lX9gXKdx4UG6BalLLDgfacWZaD3ORBsE0EQHgEy0Ccdi9TiZqMfhGB1+idTgYLgRv4S4cHGVEXX5Ltj1vJAqpNMJGC9/+3d+XnjIqFQqZGfn4kZmPgva3rlbLcY8xJu2nm5k0aJhElyUWhYTkaOaskJ1beLrXWAhVZMCQKFfYu6R4Br5/ZuoQJCpaVYEIdOjCC4UFBdkdbpgtjsgb7Yie48GF+L1OB+rwbkYLc7EEmSMOB1txMkoA05ECaA5HmlkOhZlxLE4LU4l6nAoWo9DkVb8EmHGrxFG/BJuxOFoM67tNcCkFMuNA+akft+0eaEhQ5WeVVVVyMrKwdWMAmTk3MODytZuMQ4Sc0EkEWR8sjuCerY0nrYCQaauRRV0l3qUBBk7k8lmR0u5AxeXyhlczsaS5aJn1gtTlBGneoNMrB6nEo04FGXCoUgCjInpYISZ6ZcoE45FAVqZGx44qLySlW92B87v97zQkKFYzP1793E98zaLxeTeeoDKWiGD0yNkxJu5y2IZmJBp6TDAaPPA7PDAYud6lt8N+HsQQcbRCZj6Agdy1lpxKUaFizEEGS/A9AkyOpxaasahKIsAmUgT08FIE36hl8myCRNiNsoGK3ieQOMOQkY8LzRk7HY77t69h2uZBbiedRe3i6pQXS/ctMzVEeV7U3v/W3Vjh5DpCfB+z0q+kKluUqFDa4fJAVicgIWBhvcHzO8YMmayYlw21BQbkJZiQWq8DtdXGHAhVo1zsUKwt1PRBpz2AowvZI7GGAXIRFrwqwiZXyIEsfhMuAm/hltwKNSB1A0WWDXelkzQXXqhIeNwOFBUVMwgQ5bM7cIuyPjeyANZ3laXBJpmuRF6C88gY3YAZjsHvcmO9g4NGlvkaJOrYbRQDYhH6HD2uxFfXAmtFi40VeqQnujE5Tg9zkcpkZqoRXqyHufieoKMV8C3G2TMOLWUXCWCjGDFCJAx4mC4QZQRh8JsOBTiQOkNbTDw63VeaMhQZqm0tKwTMjfvVKBKdJd8b+SBrECQqWxQoKldB72ZQ7vSiOKSGtzIusOUmVPA2hRybhahuq4VBjO5Dv4344slCu4K2SR6lNXZcHWpG1eirbgUq8ClxVqcj1YhfakOF+MNONcvyFhwcsnDIGPAwTDKOllxdLEOTrP79+4ldZ4XGjJUI9Pc3Iob2XcZZLLy7qO8WsasGd8beSDLFzJSVoxiRvUtKuTeLkFGdgFybhbjdmEZikuqca+0hunu/SqUVTZAo7fCxua2+N6cL4pcMDkcMDucUKvsyN2lxuU4Fa7E6XApRo9LcVpcjNHi8mId0pbpcT5OjzMxokXzUMiY+wSZA2EkI35ZZMf9q7YgZMTzwkOGRiPk3XrAIENxmaL7dc81ZLpLgdpGBcqqW1Fwr4qNnahplLPqZarzIdXWy5g1QzJaqGv7RXWdXDA5HTDyNty7rMfleA0uxWoFwMTqxJcNuBijR/oyDS4maHAuVoszMQ+HzLE+QuZgmGjNhFlxdJkNbhd1PwVJ88JDRqPWI+dmSSdkbhVWPRV3ybeGxreexvf9+yN/uHRBRgCNEvXNavYovK0LMjShT+jilqOFGiutvjfniyFqFTDaHWhvNuNyggaXFqtxKZZEkBEVY8SFGKqR0SJrjRpnY3Q42xfIxFpwIqEvkDExHQi3YvcCQK2ws47u3/t5QSBDETb/4ieDwYTbd4qRkV2I61mFyM0vRVllK7Nkeit+648q2SNVCStQ16xEQwv1FanR1K5mj6T6FiUq62WsP6mzhaCzCK9Lvv1Okvzh0h0yLAtW3yE2WAqQYa0R9LFMonXT1AGlxgKLQxx3GeBmfb7kgtnpZBYMSaOx49oatQCZOK1gvXSDjGDJnI/R4soSNVKX6YR09kOyS8dizQ+BjBEHwo3YH25i2hduwZ5FQHmBHW4P1c78vs8LAhkCjJAyJPPU4+HgsDtRUFiKrJw7yMopQnbuXTwob0JNnTAS83GsC6pTqaAq4SYVGtr1aFcYodBYoDbYoDM7YLC6YLS5YbCSXOxtHWojGloUKK1oROH9atwrb8SDmjY29EqaHVPZQI2U/vKHi79Y46T0sm8KvlEuqEGOpjYdjHaxsfI5T3WT9UJwMbhs0FmsKL6ow+UlalxerMXlOF2nBHepCzQXSLFapCfpWfXv6RgTq5M50UOdzPE4E47HSylsf8h0BwzJjL1hZty+4oJdHIxOXQe+tcC/l/NcQ4ayhBYLbQbQsfGVNpuFzYqhDQF3CstxPUtoaiTIlFfRoG9hNstjQYYV5SnR3GGExuiEycrDbCO5BdkFda9XoRoWqmXxwGhxQ67Uo7C4HBnZd3CHOrCrW1BdTyM8/QHTV8h0A47fzyZaRcziERor2fDuFwEyLjsMbita6y24tkaFywlaXCKw9AgZEy7GmHE+xogrS3S4nKjHqVixGI+Bxh8yJxabcHzxwyFDFowkgkzmMQcLttudLjbYnRNbnLzHiPweznMHGY+HZ6lphVKLgsJ7yKAZL5m3kJ1TiKK75ahvaENdk4K1D9wtqUNe/n3cK61lzY7S8Kc+Q0aq8qUbt1HofG5T6NlNarILcCGAUI2KXxFcN8DwsNo9sNo8sNk9sJO7YnVB1qHC7cL7yM4rRNG9SlTUtHRaNpI7RZARKpBJKtTWd4nexvqYvFLbUmtEINHPTBXPKr3txYAMuUouO7R2KwrOaJibJFgxGlyO67JmvCFzMdaI87EmnIsx4mysFpeT9DgTb8LJmJ4tmZPxJhxbbGEVv32FDCl1r5U9t2yKocPJhpzTTBrJqvm9nOcKMuQKORx2VFU2ICeXZsLcRs7Ne906pMkikOITguSoEsViFWIcw/cG9BPd1E1q8VGFVoUBGrMDps4p+r4w6UmCBUPl/2Y7Fc2JxXMOnn0erdGOitpWZN+8j4y8e7hTUoPSunaUNctR1qzoVHmTEuVNKlQ0qVHRqEZlowYVjQJoKpqEBs8uBfh5pErmegU0BscLARmKyRhdVrQ32nE5RY7L8eQqkQTYXCHgMOh0xWcuxOpxLlYv9C/F6HAuXoWLSUaciOkp8KvH2UQbjsVZ+w2ZiztNsNg4BhjaGkFzmQk0NB0iCJkBeWhdCIeS+1XIy72HrOwiXM8uREl5E6rqqFuaAp30V70rCOor74yP7w3oJ9FyqGvWQKm3wuCgv5o++4L8gOIvgovR4YHBCVhbFeAL74EvKOmUp7AcfEEFtOl3UHn4EipPpKLxcg5k2YVozy5EW3YhWrMK0ZpxF2037qPtxgO0X38A2bUKyDOr8aCWgKRkIquG5PezSJBhmSqhsfL5hww1QFLg142bv6oZYFIXa0VpGGACQiZOj7Nixe/pOHKVVEhfZcTRKA2OB4SMjkHmSHRXS0GfIbNLhAxN36PtEgQa0aKhQea/l/PcQIbS0a1tCmRmFeL6jTvIzC5C0f2aTngQYKRsii9c+g0Z0T1qatdAT7N0CS7014itIekrZMiNovfhYdab4T57DogMA8JCgNAIIDQaCIkFQhKAhUuAhYlA6HJg4Qrwi9YACXuBJQeAhANA/EEg7jAQcwyIOQFEnwaizgIR54Cl6ai/WYtyMSBd/hDI1DWpobcEsMT8buKBIHqefeWE2WnvlLLJgysJWqSROiEjAObhkDHgVJwOJ2M7cDHZ3GN26ewyk2jFBIAMFeD1CBmzH2RopjCBhvZl/V7mBT83kCG/lrJFmTmFbOdRTv49VNS0svQsgUW6iXxvrH6JZWNUbLwlzeI12amK1A6z3S5cHJ2iTQHCkjGrH1wEGe1OlmEyadww7N+J9jlhKJ0YjsIfw1AzNRKO0DAgIgwITRbgEpoCftFyuBeuhHvhargjtoBfsg+ehIPwJPwKT/xheOKOgY85Dj7mJHgCTfQ5eKLOgku4DNnVcjxoVqBSbDnoHIIlxpVqmgW3r11BP5f/9+t/gw8Edc2E6ZTTDovTCrPTAqPdgjvHtLgWa8K1xUZcXWxAepweqbF6pMbpGWAuxWtxsRMyWlyI1eFsnNhOwCwZLY5FqXFluRGnYvViXMbQCZmjkQacS6KgLwEmEGQofS1mliK6gyZ1H107gausaT2L2x2EzIA6Gg0V1RWxqf43smmyfzULkErWix8wHkWii9ShtjJAmO1OJtoKYGVg6TtkTHYnDDYLjIdO4/SYSGz8KAor3ovGyvdisOGDGFz4LAKecF/IrOiEjGvBevCxe+FJ+AWe+EPwLD4CTxwB5oQImTNAzFkGGYSdhScxFZUlTYK7VC/V2IguEovZ0GxhddegK9/vOcCN8NvKBauToEJ9V05Y7PTogNlug8luhtFuhLrJgLwNemQkGZGxzIAbydRprcX11RpcpUxTPGWaeoEMTbyL0TKdpQrgpVo/yByJ0D8SZCi7dP0XuoYCQ4ZEoKGd3y/6eW4g09IiY41/BJmsvLsorWwU1oWw4dxPwIphkqODWTCCO0GNdmTNCI13VJLfd8iwUQP19fjlzUiseG8Jlr8Xi5XvR2H1B9FY834ckt+Ow5Wx0QJkQlKY+EUEmFWCJbNgLdzhW8CTJRN/GFh81A8yHlLUOXjIbQo/C27FVRRTFq2u62eqbup6VBmcga2YJwkZer5sThitDhgsNuhNVuiMFmgMZmj0Fia1zgyV1gSFxgCF2oAOlRZypQbtCjXaOlRo66BHNVra1WhuU6GpVc2Guzc0qVHfoEFtoxo1jRpU1erwoL4V9xubcK+pEfeb6bEB95saUNpShxt7FLgY5dVW0ANkyJo5Q0BK0uFktL8lQ+6SAJj+QSb7KITAv+9z5CWy0Gm42ot8ngvICI2O7cjMpul2hQwyD6qahCI2Vmj2OJZMB2qaqWBNhtYOrQAXccG88LL/hdEXGZ0OZG++gvXvxGHF23FY+e9IrHozEivfjMTyN6OR/GYslr+1GDWTlgKLlgEhK8EtIq0Gt2iNAJkwgsyBHiHDR50FH3lWgEzYOSD0LNpyalHW0IGKRhkTbbUkl0mhc0BjcrGCQZXeAqXO3E0dGhPkaiPalXq0KXRo6dCgWab2EcWpVGhoo8bMDtQ10/Pvvf/bdw+4j+jtgeT7fl6DwrzjaMLr3d+HCgylx4oGOcobO1DWKEdpQxvuPmjD+RgrLsQYe4TM6Rgd0xn6t0QtTsf5pLCpGnipod+WzP4IK26eJSumZ0tGEtXR0O6vF/U8F5Ch0y5TICunsJslQ+lqdoE9FmSo0rYdjTIl9BYyyaXRjYI1Y3JyMNEjTboX/0qbrE4YLfSXWhB72WyHzmSD1iD81ZbrDbi87gwOzd+Ngwt243DIPhwN349jkQdxLOYwjsWdwLH4U7i9cj+cMSvBhawW5AUZLnxrr5aMAJlz4CMvAmEXYYu6ANuGHDyoEQDTCRn6OaU2BikQzupvHq7uN/nAFasBauxgkClvlONBUytKGptw4xc1zkebeoGMJAPOLzHi9GJymSydkDkZZ8CJJYZeAr+BIbMvzIq718mKeThk6JpzOMmieTFjNM8NZDRaA/JuFjPIkDVzr4y6qZ8EZGSobWmH1mJj6zLI9ye3iAYfaQxW5N8rR32rEvUt9NdbgfpmBeqbSNSASO5al1gQmuJEDTJU1LfiXnU97lc24EF1E9tpXV7ZiDJ6ubqVpZ4f1HagtqwV3Ip9wKK1DC78otUsu+ReuBZ8xLY+QOY8+IhLQPgVuMMvwb34GpryG1BF30MjFfV1rVsRUtgvpiTIVDSIkGluQ0ljM4ruynApkVymh0HGyHRxGVkyBBnBZTqVoMfROBog3gWYvkBmT6gVFXeoHqpvrijF/Ci1zWaRv2DnuYGMy8XhbnEZrmXdZoHf20XlzF0S+n4C/8V9WFUv+/f6NshUuk4XiVLUUryF9iWn5hTjflUri2lQALWr07lL9Ll830ZWgBB8pe2SXRsmqYdIeLkDlU1UZKeF+ugVYOFaYOEqeBauhmfhGvAL1oEL3QJPfA/uUsxp8FFkxVwAH3EZfPgVcGFp8ERchfpMOWrqqE1BgMyTiVc9H6LnlJpWKxrlKGluxr3aZlzZ1YSLsTT6oXsKuwsyBqZTUUZcWmZl7QXHIg1M55fpcShaJwwRj+oLZMxMuxY60FjRH8gIovaDF40zzw1k6Gi0euTlUaXvHWTfLMaDyiZmQVBVbyDQPAwy5D5QXEFvtYm/bC/AUPDX5kZ5gxw5xbUMMtJeJt/PL3Rid6lPX1usaylr1aE+/x4wfz2DDBhkVoNfuA7uhRuFDFOvkLnYDTLu0HRo9hahtlpcn/s7g4wkascoa2pHaXMzcq+04yKbL9MTZITYDEHmwhIbK9I7HqVjkLmQpMehKHKX+goZsmTM2D7fg7bG/q+sYantFyzj9FxBhuM4KBRq5IqgoRhNVW2bsElAWuvaD8hQsFCpN7KqUSmD1JU1IsuGg1xjwo3bZSijOEZvkOncZuA1va5bqb+/6OMqG9Qor2oEwrYwwHRBZi3cCzbAFbkTnsW/9gIZcpcugyN3KTQVrpA0WFbmobKiBeUsLtP7dsoXVmLfV1lLG+7d68DFFR0PhcxpCvLGmnEh0cwgQ+7ShaQuwPQHMtvmAcoOa78hQ7K7uBcqPvNcQYYC8CST0Y7CojJWmJebX4Ky6rZH+GvdwSp6GWDE/cjsL4kEGeY2cTDZ3Lh5twIltf6QYaDxuairxPehrZRkuvt/3S7Rv5c1EZya4dx4GFggQYbcJYLMRjgXbAEXsQ/u+MPgGWhOwBN7CogWamSkmAwXfplBxh2SDlfcDdTebxJiMk3+a3F/T6pskqO6Tofr2yw4G2vEucWmTp1JEHQ23oQzi404FUNVvyakpjhwPEKomTmfSKtQyJrpD2Qs2DYf0OksjwQZigc6XMKK5RfhPFeQYQPgCTQcUFnVhOsZt9hWyBu5d1Fa04oKinP0IQjMNkS2qKDSW2Fh2SN/yEigsdp5NMo0uHqzhMVkAkGmUgw+y9QmKPQWKPRmKPVmqEg6M6sL0QQQ/bvCaIbaooc9PReYv0aEzDrw89fDvWAT3PM3wz1vK7iQ3eCiD4GPPQ5PjDdkzoKPuNgFmdB0ICQdxjI1FAY7tDobm+8r1aj8PuWAvJ5D3S03GovcaLrLMTUzudF8x41LKSacjrbiZKQJqcvNLPB7kmI18UYc7qe7tDfcjB1hPIwWsmT8IdIXWZ3cC1MR/FxBRjpOB4d79yqRnV2IjMxC5N15gNLaNhY/6QtkSHWtahioD8nZvRamG2TIZaLhUzYeZ9PzmHtDoPGGTI0IGcos6czUT0MXiINVq9pcLjhINE8kgOjf3B4atMXB1twEzKPgL0FmLfj5G0XIbAE3dyu4OVvhmr8L7pBfwIcdAcJOwBNxmkGG64SMEJPBvDTYC+Sw05P1Yrn3j3ToVqVwKj3X0n9suJk0QsrDo+SyDaejbDhF1stSPU7F6Vlv0/EYPQ5Hitsj+wOZKIrH0KgHf4D0VXYnzaB5/kHz3EGGrBmDwYxbt+4hO7sImZm037qKjbWk9GVXbKR3tXToYSJXyen/y+0uoSjvbnkdcmg5nC9kOru+5aygzepyweoSIeN0sUIrquokOXzEhhnxHLsBzBY9sGCt6DJRncxGZsVwZMUQZGZvAzdrB9yzdsE5ay8cs/bDOedXcGGnwUdcAC9BJiQNWJAK1+VquMjyEwckdQ0l/f0empjY9YrwP3obSSOz4mSsFqejTDgZq8I5cqOWmHEkUovDkX2PyewXIbNvCQ+LS5gn439N9V1OF89CBM/zef4gwwMKhQrZ2bfZuAfqyr5XWt8VEwkAFF9VN3VAYTB3BXylruoeRSM0nTiZKlgz3sFlb7XI9bA4acG7F2REwPQopxMujoYZuYHILZ1xGV/I8LO3gZ+5A/yMXeBm7IFzxl5w0/aBm3YA/Jzj8IReABd+gQV+uYVX4D5eAs7DM4AFIRP4eJgtQ88QB5vFjStrdTgTbcHxaCUuJlpwNsHM2goeCTIJPGvifNxZylRG4XQ/36B57iBD2b2mpnZkZN5GVlYRUynNlOmHFVNDaWsbmbNdC8F6lwt2twepWQUormzpXFvrC5u6FhXbvUyQsTmd/kAJIJvTwUDjpkBTwq6AkOHnbIdn1vZukOGmd0GGm/YLuFnHwIWchzv0EviFqeB23AHncQch85AjOE8cq8O6fcKIU2TJxKhxOdmCs/FmNuqhP9klb0vmSUCGgsDkNrlp0tVzep4DyAi3B5n9bg4wmR0oK69DZlYBMrOKcPNWKcqr2/oGGAYiORralUKbAM0mEVsIHia7i0d5XSuyC8rFEZeCpHQ1G5HZqITWaBUtGYcfUAKJZouwQUYuF7CmK8P0UMgwwOwXADP1V7in/grnzJNwh1wAH3IF3JrcIGT6dMieETI5Nfl2nIy14USsFqkrrKyPiSDzaz9iMgJkLNgbT5CxPba7RKLaGXKbntdq4OcAMjycTidqalqQl3efZZNoWyLB5V5JHcrZihOhRsYPKr5iLpUM7WqD0PzopAFIfYOM1emGTG1Ael4x21TQNYWua7YuWTa0lYBBxtE3yHTKaQc2n/SCzPo+QEa0YqYehnvKYbimHIJzznlwiy7Dk5wZhEy/jgcdtU6cS7HhZJwWV5abcSrW8GiWTJgNO2MoYWB5IpAhEWho68HzmNUe4JDxQKXU4Xb+A2Rl3GWWS96tUjyoaGbzfGtZ0FWo9u0TZJjkUJvs/YYMxW3ISsm6U4KSWspi+UOG5ri0tGsfETIOOHef7YQMT/Nk5m8CP2+LCJkdASHjnvoLA4x7yhG4Jh+BY+oJcAsuwbM0g+38CUKmr8cDk9qFS6strCkydYWRpbCPMbj0PYW9P9yKfWF2bAt1QmM0PXTUQ19FLQeO5zQIPGAhQ+arSqlFXs49ZBNgMotwu7AClbU0qIoyPEIbAYuP+IEkkMidEnqH9FZyk4QiPKHr2v+X6iuK3RitTtwpqUJhOQ2HEip9u6mhAw3NKmGS3iNAxr7vPLBgDZNnwVrwCzbAM28LMGcbXHN3gJ+9C56QA3CcuAk+7hQw/SBcUw7CPfkQXJMPwzXpCJyTj8E95xw88dfh5l1ByPTx0HPjcDhxfbcRx2MtSF1lxMlY6mEiS6bvkNnHIOPCtvkcOuRSuwpZM77yv8YeJorPPI+1MwMWMjarA0UFFci8UYQMCvDm3kNlbTvrIaK6FGkTY98A0wWZ2qYOYWRDgF9ib6IRD/RYWt2E26W1QiOerygAXN8Bg1myZPoW/JUg49pzrhMylMb2LFwPzN8M28JtwKxdwK7rcBqMgNsFm1YP264MuKcf6YKMCBr3rNPwxF8LQqafh/NwKLxkwdFYGy6nGNgAq8ORXdW+fYeMGzvmetBQTnVYNNUvwJCwR3SjhJYD3+98YJ8BCRmyYtrb1MjKvMuyRwSZ4pI6ZrmwhWf1wrZFf5D0JgEyNK6Bpa6dfbNgJEmQaWpXMpfJDzBi9y9tTlBpLY8EGX63F2SY1gPhu4CUk+Aqm2CBC264hWwIaDuhFe7CGjiWXoBrxlEGGSdBZvppeBaTJUM1OBTWDEKmL4eAXF/swJFoOy4k6lhbwaNAZn+oG/sWeVCYRpBx+MPlMUAjNFA+X7/JAQoZ4H5xLTIzhBR17s37qGZukugeieljSX3KLHlBxuoS4jG+v8BeJdbTqPUWpGXmo4qGdvtBhgDYgXa5gc2k8QNJb3La4dl5Bpi/GpizEtzCNXBuOwkUVMDusjKowMOB9xBgqIDMRSFxcLDDo9LCdeIuQBbMxONwTTsFT5wIGU8QMn09ZPNp5C78GmHD2QTqxDZ2q/Z9OGRozIMN+8Ic2BfqRtoeB0xWGoQmXUOBINN/0FBs5nkKAA9YyNy6WcogQxW9+bcfMDfEt/its+L2Id3W3pCpkyyZPsZivEXWDK05ScvIY413fpAh1SvQ2KIW6ht8QdKrnMCaX4W5Mkt3AwVlcJjMwsJ2qkqF8CgVj/FwA17iKYjdqoZr2XXgh1PwxF5nXev0Ry8Imb4dgozd5sKpRAdOxQjpa2/A9Bky4XbsC3Pi5EobVAqf68wXMo8AGtbX9Bztuh2QkOE4D3Kyijshc6ewAnUB4PIokBFiMkLg1/eX9zARZKxOHhk3C3C/uskfMCT6nhoVbN+OP0h6F9b+ClzIgsVkgpksFp4TepvE0ndfkYHfBRqhD4dVEJ+vALfmJnsen6e/eL/1YV1kvAvXdroEK6a/kGEd2F2Q+SXWiZp7PgDxBcwjuk1O1qXt+xMMzDMgIeN28yyrJEGmoKgSdWxdiT9g+guZmqYO6K2UwhbWzfr+8noVqw7mUFJZj5vF5f6AEV0mKswzmPvrLjngalfCarfC6nbA4RHiKXThS818rKGP4CKJQUaQd+Mfz3FAhxkengDleyV62zUvhjr/8/tZ+3fYM+hxoeC8A8ciTTjsA5jeIUNWDEHGir1hVuwNtWFvqAOZJ0yd8TwBKMJu9O5WTP8hQ+0GFJt5zB/5mZwBCRm6WIqLKpDJUteFuHWn7IlZMpTCVptpzoe009r/F9ibqL6GKobTsm77A0YULYnT6Kz+IOlVTjgoWGy3w+5wwM1RgFeIp3R/crxBI3YRi53E3QDEZmJIncbeN6XXx7wgYmAlJ/KxSmLFz+JxoyLXjqNhDtGSoXkypB4g07mmVlqFYsWeUJrxK+jXxTbI5VTSIOxE71L/weIrqkJ/HoboDUjI0GlqlAmWDAv8lqCmjoru/AHTX8iQWHPkI0KG/urQSpGTl66xwVT+X0dYaq9QGQOApHdJkKFHt5tiMH6IEW4qnoNKY0JruxatMt3vWi1yHZpJHWpoDWbfJ6sfhzlLDDLt1XYcDfXgcHR/IWPzg8yeEAeuH7PA6iJLhvYwibuYngBkKO4nrLv1/VkG1hmwkLGY7SgoKGNd1tm5RXhQ3oCazlm+3dVfyLSxweGPDhnaKnnk/DVmFXkPBhckjH6QK/Qs3egLkt7UV8iQO9Qm06KGXMj637eo0lqovpZDrtL7Pln9OF2QMetdOB7Bi5AhuDwOZOzYG86jtYWsGQEw1icEGZLNIQaBB/AZsJARKn51uHX7Puu4zsktQllFE2poDQqJLJu6DpZ16lvVbxdk6lrlMIoFef2HDIHDicMXMlHd0M6WwkmfV4IMrWlp79CK7+sPk57UH8i0tKlRTTcai1X9fkXxL6G9Q84szEc/XZBxuzicjnPgcHQfYjIPg0yoFXsWcbjyix4WGwGGY2Nd2ebRANdWf8WsGffA9pkGLGTokItttjhQ+qAaObmCRVNWKYLmMSBT3SSDxmx7ZMg4HU6cSstFZW2LuDFR2rkkpNlrG+RolalZK4IvSHpTnyDjofGjPINMLfVv1St+16Lnm1mPjTJodI8PGRLtp76YZBYh85C2godChqwZJ36Jt6Kt2c4AI0CmL0vf+ibbAHeZBjRk6FBgy+HkodNb0dquRksb7URWMNhUVreggsY81Mn6CRk5ZBq9ONvX/5f2MDnsDqRmF6GkqjEAZKhxU47mNiVMtv5lmLpDpocLx+MB5+Yg69CgsVmJppbftxpaJXVAb7T6Plv9OF1ZPNoUkL7OiiNRFrEY7zEhE2rF3ggX7ly1wmojyDgDQoaaIL3Hv9L7sd46GuH5kFT3QG41GJCQ8c6FUDEZxTbYXwBK9VldUCiNuHmzGDk5hcjOKUJxaV0fINMdOLSW1mBzPDJksgvLUVxWyyDT5S4Joi2SjW0dMFkpU+QPk57ERnLanUyUxg8EGbJu6C+ty41nIqerHwrw8U9bTq5LT6Lanp5fshQz95hwLMqKI2wyHomqfwkwwnyZvkHGht2idoU6cGWPAwYdzRCyC3EZr6VuggQ3qks8bEwEJoJSgPoaETxs3kygC2YAnAENGYIzBbVsbLhT1wYBvd6OOwWlyMy6jcysOyi6X9PH1oIuyNQ0d0BleLSVFXa7A7dK6lBYUt0zZFo7YHwMyNCktl4zsj6VvE9LFFPsj+g69/0cz1KPexhkeB55h0w4GmkTx28+CcjY8WuSFQqZSXSXukZAmB08jA5A7wCMdg9MDsDkFETZKCtJmhjgXWPjBRm7k6yZJ/EMPPkzoCFDf5lobSeZjd5mpMXqxr37lcjIyMeNjNu4ebu0syu775KjVaGFqRcTNLAIBA4UVTTjdnF5j5BpaJHDaLH5gaQ3eUPGyS4a32dGOOxGDspPT4IyEmQKztB838eFjLUTMrtD7dgb5kZ9hQ4WC9gWDIvNCrNBAWPdNbiKtsJzYyFw4Wvg8s9AxjzgVixszXkwmwww22jlLS/MQWKS4okCaCgATG70QDwDFjKSFUNLyBlkaEylXdrwyKGxSY7MzDvIyLiNrJwilNfSze4Lkt4kQ22zHFoTBYD7Dhr6i2K3u1BRL0NOQSlqmryzSxJkhEZMvYXGcHKsOtPukNRzxoltMfCGjNR45PvksCeIiu0CmBKdEjfhdZPv+/RBdPf6vu2h4oVg2lOSpyf5PlePeAgyxZfMOBrxuJARs0uhNqZd84HSHAUM2iY4atPhyosELo+E5+JwuC+OgvviGCaOaTS486PBX/gI7tSvYLu3HTZFI2tXMbMGX5cgsQevq2bmCT0JT/AMaMjQuMFOwHSDjBtanQVZ2QW4ceMWMjLu4F55YwCQ9CaqcZGhSaaGkfYvBQBKIBFkyHWra+pA5q37PUOmWQHdY0CGXqbeo4CQ4T3QGy1QqPToUD5dyRW6PkvWofWS5qmpXe4vmVwDjdbo93Q9yiHIlKYTZKwPh0yYSWwreDhkdi5049aWIiDzK9gvfw3P+c+AC2PAM8CM7oRMl0aLwBkh6Po3cNSehNlKgBGmOnqPLKFriL73gXYGNGTIVbLaHd0gI6yPdaOuoZnVz5AlQ7pVWC7Ag8Vm+hKfEYBAxXQKvakfXdkuNsahpU2J6zfvoSbAGliCTB1BxkybC/oJGWYp9RL8Je7wHsiVOuaWVT9l0c/SV9FuceljfD/Pk5Lv15RU2yBDm0wtQMb3OevnoRu1ItPSoyXzS6QRB1mG6WGQMWNPmFEATYgVO0JtuLq2As6094AzX4JjgBkB/gJBhEATSCPhEl/GlY/Bp34JZ+lRBhiTKHbtsjiPW4jl+V00v+15riBDGx0JMjV1zcjJLUBWVgGysgtRVFzNRnLSwCiqtu0azekLlsAiUGhN1j6vR6FAdHOrAjfyyZIJDJmaxg7mihFkuqvvkHE5A0xBI2+E4yFTaH0KAb0lQ1XDExB9Lumxr2qQsWHtT0J+30+3763r+6I/FDWNMsgUuicGmZo8RydkaOQDidbV/hJtwsEoATIHIsw4EGHBgXAb9ofbsT/CjgORNva4P8KGX2JsOBLvwPFEM44uMeFgggXpq4vBXX0LHnKFLo0ET+7SJdIoeC6N7ibu0mi4Lo2E8+IwONNGwnblW+DKCODKW7DWnoXRZofBLm5AFSHjZNeM70Xz254BCRk65No7XCJkOl0mDq1tKmTnFOL6jVtsuRttj6yql+AijFnoX0+TYP00tCmht9gDQMVXvpDxt5qk76O/kPEFDXOZqJrT+6YRISNnkBF2cAdSV5tDl6Q2iP6o8+Np5KmX/G76Psr7czxMvt9/T6Kfl8AuV+ofly/s9AaZX6NEyEQJkDkYYcWhGCuOJlhwJN6KI/E2HF5sw6+xVgacvWEW7A6xYNdCC7aFWHF1eTE81/4GN0Hlykh4CDI9iL8yEq4rI+BKHwPu+ufA5RFA6nC40kfAffVDWNoKoBcDwRQAZnU2bA7wwLJmBixkKBxBablOyNidMJrsyM2j8Q93cCPzDnJulbL6GFYjIzZQdsKmn5ChC7WxXQWj1JbfowR36WlBphM0VC0sBoC7XS+dkNEwa4nW5vpLeE781cH+4vdLTUrUtahR36pBQ7u2U43tajS1q/qt5jZ1p5o6pQqo5nZ1n9XapoZGTzEZerIoy/Lof80DQ4ZGPwi9TAejDDgYpcOpZRacSbbhWLwdB6OsOBhlw34CS6gduxeRHNi5yIpdIWbsDrVgeyiHzDVZQPrbcKcOBpc2AnxADQefOhKutJFwXxsD17UxcKeTuzQSSCPoDAWf+gkct2bDZFCzlHc3l4llJh/953/SZ+BChifIkHskQcYNmVwrukhFuJZViEKpCM97e2S/6mUkSR8vR30bZYVoKZcwOyZQTQK5bY1NMmRQ4Jd9Ta+1KFJfDS16exzISNaM3SlkmXwOvcU3hfswkXVIw+5JLl6Q9HpP8v0ckuhb8n3fvsg3EcUmVARSgK/5MAlHmrHj/5z19QiQseFoBKWxdQwyRyONOEqwidfjdIoeJxIpq6TrjMmwWEy4FXvC7NgdJqSsBdmwk/YwhVmxIwS4u+04kD4S/NWPwV0dHlAMNFdHgM/4HNz1T4Fro+G5Ngrc1WHgrg0Bd20Q3OmDgLRRcNafgZ5cJq9xshT3o6mIA+UMWMiQl8Ag02nJuFFWXs9cJdoeeT27UExbS2azLzgeTQStBvqraLSKw4R8hwwJkKmpbUZ2wYOnAplO0Hils3stzPM9AW5ASZ03dx/V0/F9v8fVkzv0RJEe/ZMKkBEyS0ej1DgRq8cpgstSHY4t1uNghAAWGlh1MMyMA2HiHBkRMpJ2h9mxK8yGHeGCdi4Emo+Fgrv2KTzXhoC/Pgycl+h1z/Xh4K+PAjLHgb8xlsGFQeb6SPH9h4C7MQSejKFA+ifw3JwFg8kAE12nBBlWHTywAsADFjKUvmWVviweI2SUiu9VMksmg1bU3rzHXINHs1x6FwNNixIdGiMMVvrF+UOmrLwWuUUVTxcy9LJXpqlf9w0zdXrQC32eDGTqbtlwOt6G88vMOJOgx8k4PY6Qu0RwCTczC0bSgTBznyBzINIC3cWv4bzxCTzXh4K/MQxchiB3xlC42csjgewv4Mn4Avz1McD1EcCNkfDcGAH+Bn3MUPAZwxhk+IwhQMZ/YWy/DwODjOAy0b3iYP1M/fnL9PTOgIUMjRYUMkpdkLl3vxw3MvKFGTP5JV2QeQqgIUlWjUpnh9kmgkbsNym+V478e9RW4P+1Hzcm46fO4jzfZyl4nsahm7P1rgdnFjtwOFKBY1EGHIs040ikCYdYfYwJv4RTIZ73+M3AKexdYSbsCLeyeMz5pPuwpw2FM2MIPDeGdELDlTkUzqxBcOS8Dz77K/DZI+DJHApkDgefOYzJQ2BhLw+BJ3MIkDUUfNYw8FlD4SqYB70TrGZG6HeSAsADo59p4ELG7V2IJ0Cmto5qY24hM7sQGXnFKJe6r58SZATRXGAlmuUGqPR2GC0U+OWQf/seCssaxAxM94954pARQUMm8AD54/RCn87Ab6QZx9mqWtokKUDmcKTZq9r3YRW/ZuwK12NHuBk7I0wo3HEIjhuj4Ml+F8gaziBC4HBnDYEzexi4nG/hyRsOLnsY+GyCSN+ErE9gNmqEzKdoyVBNmWuAzJkZsJChG0qokRFuMnri1Bqj2BRZgBs5RSipbGYAeLqQ6VJtswpNMh06NCakZ9zGvaoWMV3c/f2eFmQCprSD54kfgkxllh1Hwq2CFfPIkLFgV5gF28Ns2BvuRMe5eXBlDwZyPgFyhgNksWQRVEaAz/sUnpzR4DLp9eHwZA/rs5D5bzhbb8Bq48WhWIJLT20GA+EMbMhQZkmCjFjO/6CsTmgnyC7EzcJyr22S/je7t1gK1yvF6/vvfRVLAzd34MylDJTWtgfcZMkGVzUpoBUrfp8IZETQ9NjTFDxP7BBkyq7bvCBDMomQEQDTV8jsDLViS5gFmatK4Lr5T2ahIHsIg4yHlD0cyBsF5I6AJ2coe529PccfJj0JOe+Bq9gEswOdbTcUZqC+v4FwBixk6Gay2OxekBHcJoPRjsKicmRQc2TOXaFnqTMu0/2G954x0x0yNK7RHyB9E32Ndpw4fxXlPcSDCDL1zarOBsknBRl6DiS3qV/ZpuDp1yHI3L9CKWw7jkcTYPSPDJkd4UbsCwP06d+Dz/kYYJAZyoDC5Q4Hbo4UlDusS2Tl9FlDgdxB4O8thNXi8YKMcM0EYzK9HIIMuUveN5iUztYbbKioaETuzWJk5d5F8YM6VoTnB5r6Dha3KS5vRCm5Nk8QMsfOpgu7r3uATEOLGgYrLYN7cpCRngdym6iqk24GD1v+1jcFzZ++HXpeC85Sg2R/ISPsXCK47A6lAjwzdocBJQe2wpX/H3A5nzC4EBj43KHgb44Abo2Gh4GF3k6P/YAMQYoeb44AXzwDdr0ZNjZ5T4jJ0B+kgZBhev4gI2aczBYX1BoT6urbUXSvEgV3y/GgshGVNTSOs52Vmdc3K3GnuBLXswuQnX9PAI1o0fiCoe/qYH01x8+mC6/3AJnGVg0MNtcTh4wkh5NAI66wDSC2e4kuMAYYafGZ8Oir3/r4fj+/9fdFXzv/qAXHIh0PhwyrlaG6GbMIGgv2hFmxcxHHBlWlrrgLS+4gcHmDwDMNAZ83FNzNYfDcHgmOAOFtxeQOY9AJpG5wyRsufByzhMbAc+8LWLTtYtWvBBoqffjtXabnAjJSW0GXugZYsTGFDp6JhlmZzA72aKf9Ng6gQ21CZl4RboigeVDT+piQUeBBdStOX8ro5o5561lAhuR0Umu/AJpu62ql5W4B6mKkG5imqJGoo/u3vrl9v/5v9X10Hg+Qvd+G41ESZHqJyXRCRlpVa8bOcAPLKJ2M9kCbNgXIHwZP/mDw+R+Dyx8C/tYI8HdGgssnUAyFJ28YUydkxNd95Q0Znt52ezRQ8AVwazhQ+AXM2mo22Eqq6RooXdkDFjJSdoluJlYr0wNk2ChDm0RvL9nETX0OsDqX/MIHuJ51B9m3SlBa3eoHhv6oqLQOl6/f9Hu7pGcBGSFW5YDDaYebc8IDgg3VRrhgttjZvB2tzgoXDd8VD2vVcLhgNNnQodCjQ6GDQmmASm2ETm+Dyexi5vaztrB94fLkICNab+J/fT4e4NpWK45HSu6S0Lv0cMgI1syuUI7FYVqOrQZuvgdP/hB4bo5goPHcGgbPnZHw3B4BLk8ADPoNmWHC5yv4HJ5bo4Cbg4GCsbCoS/0g4xwAM2YGOGSEaf+UZfJulBTUNcCqG1w6xcNi41kRHS3VKrpfxawZcp3y7pT6gaE/yr3zADm3e/4cBJmmNi0bhvXEIeN0MrEgMEHG4YDT6QDHuZkL1a7QoaZRhYpaJZrbdLDb3TBbnOhQGtCuMKCxjbq3VawymRpIaZ0M62JvVKGuSc1iSZT57Mct+djHFy5PAjLC0lnaEU47xd1Mwr5sYfmJtJsg0Fehr31ljR3Ho/oKGQP2M1HVrwH7I91oOBkJLvdjeG4Ohif/E3jyB8Fzk+IwQ+Ap+gKem2SNdEGmm7sUADCdkCFXKX8UcPtTeG6PgecmffxQoHAMzAwy3Xvt6D6h+N1veQY0ZDrnyDwUMoFBY7FybKGW1mDHjaxbDDKkO8UVfmDoj9KzCnD3Qb3f2yURZJrbdTCRO/fEIePoFAHG4aA5wnaodAaU13WgslHLAKJUG9lfsTa5AbWNatQ1asWgtwpVTOQyUjxJmgUjxJdo4p4QJH52xxcujw8ZAghhxQUXnHDyTrTUt+LollPYE/cr0o9lwmixwOFxMdB0fpT4Nd0uN84nOXE8yvpwyIQbGGj2h5mxJ4TmzPBoPDMXblb7MlywYsiCyR8C/uZQeG6OhOfWZ4IlIgHENyYTADDMraI0961PgYLPBdAwUUxmCFA4DmZtVTdLpquPqYcdXs/o/A4gw6OxRcEgcz37DoPM/fKeAdEXXbqahzIKMAcI+pIIMq1yPfur8sQh43DAYrNBrTWyLZW1zUqUVLfjfqUMD2o6UFbbAaXWDA/HwWy2CVsm65WolbZNNqoYaIRaIREyNHWuSYE2hRY86114mhekYD3Q/GYX54GbZcj8AfN4NwVb0cYg094sw6bobZj27mws/CAMCz4Mw6y3Q7FgcDQq79fCSTEt8eeVvqbD4cTpxQQZixj0DQQZ6mGilgIDAw0Nrfo1zoyaw8vB5XwIniwYCu7mDxUhQ68PhafgS3jyRnWLxfQIGQYW4f0YsG5/Ctz5TLBqbpJFM1IQvW/ROJj1rX6WDMnhpJKHx3k+H+8McMh0ZZXIdaI5LjRjl4mm5HXbWeMr4Qk22ziUVTYgM+cObmTdQUZ2ASoo+CvOm+mrJIDQMKVzV7KE1wNBRlzw1qbQwyxCpbt8odE/2ewOtLcpUVnVjtLqdpTUynC/Ro77le0orZGjtKYdJpswtpOC502tarS0a9Em07PaHWGolVBU2G1AVZMCRouV3Z5dDYZP+sL0wOlyQaO3MLeuVa6GTKmFw+UCz7Jivmn3R//65CDV17Yh7tsVmPtuGGa/HY9Z/03A3PfiMPfDKMz5IAKRny1Fye1yOHmqJxE7wgFYzXYcj6TAr9kLMkYcEUdwMsBEWLA/woJ9ETbsjXDgdKIc1WdD4Ln5DmsN4PNGgL85DDyzZIawR0pX85SyJmDkDmZujiePXKjhwtu6PRJwBrNHLn80OPq426MFlytPApggniyawjEwmHTCNe81yIpep7GvtKvrtzoDFjLUu0SjHpg1I1ovwu4Z3yFSPagTMm6UVdYLkKGZwNkFwppbcbBVXyVlkh7UtOF8anbPGSqCTKMcMpUBFgYZist0ly84+iqb0w21yYZ7DS2496AR9+81oaS0HcUVStyvVOBeZRvKa+XQm2hyvcAKl8vDlq7R8jOZyohqcYULgaXbfF4aF2owweMRP7BTT+YQNIxmG4sJUSsIDfsSpEKH2gCXWwKNt7xrfPp3bA4rFk9dg7nvxCJuRAhyk7/FhcgfsOjjaMz7KBbzPojFzHfDETEqARVFFSw4ykZgANAqTDgWTjEZWvAmAKYLMhb8EmnAgSgV9kWasDfKirQV1VDfGAnnzX+BIyhQqvomabAocpUGA7c+BcdepkAwuU5D4MkbAuRS/QyNbRACusgTWg/4myPhvjMW3B0K8I6EJ58ARO9D1pFgIfH5g8HdGgxPyUxxSl7X2pSudSkcXDQ86Dc6AxcynOeJQaauUcYgk5ElWDNVtW1+EHmYJMgUlzcgLeN2wHYCAgy1ORBkqL/pSUGGLDranKlU21BVXAvdlvPAkt1A3G7YYn6FYW0qyvNqcK+iDaXVtL1SC6vVBd4tBjpFaY021DQINUSCpJ+PXCY5OlQa8E8YMmSNuDkOHWq92GcmyLswkoLOFJQ2mq1s5KokClhyvACb/p7CzGLMHxSO+R9E4vrSb4GrbwNX30VqzFeY914cFnwYj7nvx2DO22GY/99Q3Mm4DadDiNC0VilwPNyB4yJcaFjV0U53SYjH/BJuwYFI4NamUljz/gV35mC4cgaBuym4ShJYBNhQncxg5tpw4ts8EljoUbRowCqCP2bpafedz+EuHAfu9meCa8SgJFo5DDACZCiz5Ln9DpwtF2Cyd9/N5A0Zmv37OJbh45wBCxlhMp4Qv3gkyIhPMEFGqTEhO6+AWTGksoomP4gEEg0nlx6Ze9HQgdvFVci8VRrAVRIrjkVLRqEz9xEylCUi0TJ2B4s/ma0OloY2mGzMtWjt0KOyQY3qe7Uwr18DJK2BY+thWPamwrP0LBwRJ6DZkoX7Ve0ormxBSU0b2jpoiZgDbhfPgE0JBrPNhVoaqckAQz9PlztIA9GVajVLg3eDDKvBIWtCnDjnEXZF080v9DZIo+wE64OyXJTtotgOWQc2mwstbWrBWmJfk7Ja9Hx2icWJ6GUxZiSJygDkKiP0JqGUgRNTsd3iNuL3IBQgCi4efd1z29Kw8KNohA9ejPpjY4DMQcCN4Sjb8SVCPl6Cee8vxtz3ozHv3UgsfC8SIR9E4eK26zBrTSgr6MCxaNqFrcfRaBOORBuZDkebcShGh8MRblxMbEH9qVjwN98DlzsEbtYmMAxc7mDmzgiQkUAjvM4ySizDNFiASy7BZrDoFg0Ff2sUs1rcBV+Ao9hL/gjRciGJgGGimM1oIP8T4OYg4M77MBn1LP5ocnovgOuKy9jZgPEgZLqdx4eMKBE0DyrqkJVbgMycQuTduo+q2oe7TLV0sdcr0SrTs5tdZ7Aiv7gaN4ur/fqkJEuGVNvUAY3R3jfI2O0sSyRTqVHX3IaaxjZh/Ue9DJV1MpTVyHCvWo7iyna0p2aCW7MSjoMHYGyWQ0M3YHk7HPHn4Iq6yFyooqpm3K1uRWl1GxqaZNAbTCzmQQFWajBtaKGfTZiDLIBRibpWFZuPy/FOHytGKuyjyXxUSmCDRmdGq0yHlnYNNDojPBzVYQhpUoPRgrY2JZpb5Ojo0EDeoUMDBZnr6WuKgWcRMp0WjdfbqhtU3SS9P/0eCDgUvzGYzDBbbeznUig1kCvUUGkoVW8XCxN5VuV6dOU5zHs/FiGDIqBJGwxkfwJkDYLi3GAkjZuDee/GYO77kZj/XoSgdyMR+mECNkzfgDM7ynEo0oLD0XocidXiUKwCh+PUOBRjx7EIoHD3EWhvfAou/7/gsr9k7pEgAg3VvxBMJMgIokwQuTv0yIBDcRWq/s0fzuItBBX3nc/AUWo6fwTQCRdfwJBVQxW/o1nVryf/Q3BVy6Cn4lOCjMMTEDI0hP+3mi8zYCFDf7QcricEGbubQeJWwX1k5giT9YpLan2gIt0EwuvUC0U3R32TGiYLfR+UrXLizv1aFJU1o4pWsNCN4guZxg62+I3mzvQFMpRmVmsNKK1qRElVk6hmlFS1MDHrpKYDxeWtkF+6Bm5lCiylldCYXVAZbVCaHTDvzQMWXUBpcR2KqptQVN2MYgJNVStq61uYG0Jt/+R+0m4iyVWqb1VDY7AwCFExnx9gyELgqVfKhjbKZJFrI2ap6sn6qKdUvQYKtQH1ZOkxmAhvl+QNlycjwVJkO5ga5aijoenUt1YnYxYg3UQ03/bEmkuY/0Eos2Rqj3wqNBFmDsb1pAmY+/ZSzHsvBvMYYCIx/90oUdGY/04cZv0zAiu/P4ZfI7X4JcqBfVFm7I/kcD4GkF8dA/etl8Dnfwj+1tvgb/8LfP774G++Dz7vfXB5H4G7+QlzeZiojoUyQLfHAlQ4R4/kNt0axSwWZ9E4uAvIaqFgr2DtSCDxhYsfZHKHADc/gM1ohMnuYHuzzT1Ahirif6sNkwMXMpQdcdHGRnE6ngQZNuC7H7CRYjN2Dh0qPYrulSM7rxC5+cV4UNnETHhhjQpdwN5/RRXsAlbprCxTZXd6WMsCWTF3K1tR2ahkYrDxgQxZMmQ9UTbJRnElH3nHWmw2B1raVSirbcWD6hbWslBKmaMqmagO3KuSoahWgfrcIvDrVsGcnQ+F3gKlwQylzgLzjiy4Yi6j8kETHjS240FdO+7XtaK8To5WmRpmq9jN7nRCQbERukGbOphlRhUlAlCkrJK3OLg5N1plWi9gqFBLz4/oSkoFfcKjLxC6xKwX5hbR8ytZLl3/1jeJvxsGOgFmjS0qGIwUy3EwC4YFcHke138hdykMs99PROzoCNQdGAPH5dEoWPsdQj9ajLnvLMb89wgsEmRiMP+dJSJ0IjDvvXAs/HAxEr8+grXT7uNQeA5Kfv0YZfsGo3DDeFyP/w6/LpqHfXMX4cCiSbiQOB7393yJ5tPDoE8fBS7/PXAsHjOcuUG4PQ6e/DEA1cjkjwSfT3U0YgZJdJeEwjoxPR0ALhTwJQuH4jNSAZ+jfruwJ9tJ13jvkHE4BVf3WZ8BCxk6Ljc9QQJUpJoZtoCtT0vYukNGks5kR3ObEuVVDbj/oIoFQhtaNahr1qCmSc1iAU2tGijIFTHaWByD7bOxu6Ez2pBVUIHiGjkqmpRMEmyYxFR3XYtK+Bhf16ibhE5Zgkxru5o1bwpqQymloyvbUcIkY+np4lo5Sh80Amu3wLphD3SFleioa4Pl/H04Ik7DsiUHeoMdOrMDOpOTwUehscBkJetJLAp0cDBZbWhuV6KpVSlOTusJMIKMZgtqRbh0g4avqyiqJ9AQYCqpCJA9T0pUelk7vp/DT53ulQr1LbQ5UwBeU4sSFouduUhkvUhxIFLV/RrM/zAcM96PQezQOLQeGAHu/BdQ/PIFVo1diLlvLcH8d2Iw751IJgE20Z2aS3onFnPfjcGcd8Ow4IMYFuOZ/95izH07HrP/G4+570hagtlvJWLuf5MQMSQea76NxLm48Wg9NQbO/HfhuvkZ3De/AHdrONzUr0SpbRKBpbMWxquHSbJW/ESQEYO9OSPgvjcFVoOMzaAWgNK9EK+bRMiw1cfP+AxoyLg5etKeLGQkkaVhtDhhtLpgslCg1Qmz2QmTyc4CplSHI1lMrO7G5oJWb8O1/Ad4UE+AUQuim8cLMpRBITeEAm3+YPGBDK2vsAkzcsprZCipahVU2YaSSulREE3hK6qTwXrwLNTJq2FL2QcknQHCT8C98Dgsl8sEsFk55t7RrqSyOhkaWpUwmKm2SGgipa9JMQ36ebrvKAokDzpUBtFFelTICB9XRTCpU6CqtkNQXd8gQ1ZmXbMSzTItg7xab2WWk0ZrFhpExWCzBBdJDpsDMeO2YOlHKXiw/Ut4Ln8EnB8L7sInuL1sAub+ZwVm/zcK894hkZtEcIkVLBqK1xBgmOIw991IzH03HHPfC8ecd0Mx591wzHsvSgBRp+h9IjD3HQFK899LQNSgxTgWOhP2nPHg7gyCkxokWZ2L6EoFqOztTayyl9oTcscA+a/AIS8StmkEKMALJLomabLis3aZBjxkrNKSe3KZniBkusnmYqIbj9yqzreLn0OyZJQaM67eLEV5owiYHiDTIteLe699wdIdMkxsGRfPFtfRXqn2di10OifUOhua27Qs8EsWzv2qZhTXtaOyqBxYuh2OxbvgijwCfcxhmFIuwlmlYi4R/QwGixNltVQF3ISymhZU1bcJFg1ZTuzncTIrUSi86x6LkWpUeI+bVeQKrlLfIdMZqxLdmubqdjQWVaM2uwTNV4vRXNiA6koKbIsxG4KN3+cQXM9WuZZl3XheaAB1OJ1obFVBodLD6RG6kVwcx/Y5cZTxcjnB2W3gbQbApsadi3uhu/QR3BnvAdc/BJ/+EVv96rn0Iaq3DUXK6FiEfCBZLJEsGEyAWcAgI4pefpeAIoKGPUZizjsRTMLrvrChzxmDue+FYc7bEYgZtALlhz6Gg+I1FHdhlguNfPAHCVOAMQ+snoYySZTqvvkOnNUH2EI3uh86h9w/RL9V8HdAQ4b+InXWyojVvgI4njBkepIPZBrbNLh+q6wLMD6QoRuMbhiFxsx+of5g8ZeDyr67iYfD7oGdLA8bB6XWgsr6Dmbh3CfVtKP9Yi5cSTvhjjoAd8SvaP0lQ9h+aXXAZHNBqTPjQQ0Fj5vxoLoZD2paWIra5rDBarcz2Rx2ON1SwLe7NUN9URTope2OQrxF2sr5EMgwt0hUgxrNxZVw7tkPLNsGxB8GIk8AURegPnYX1WTV1FMFdYDPI0quMoCjzBYEyFjtNtS1yBlIHfDATv9it8PVIYf7wX04sq/AmbUdyFsE5I8Hbn/MMjmUVnZnD4aTtgLcGApn+mA4Uj+B4fQw3EiYgjVfz8eCj2Iw479RmPNODOa/F4sF70kWjQQPAo2X9fKO9Lq3RSMASQIQafa7izDn7VCEvBeCa8lfwJrxFvgsyi59Ani3FngBhg20CiDPzY9ZDMdVHg+DHTA5PSyj5Hfd9qAgZAKcTsh0C/oGAElvCvBk91mdkBEsgLtljci7V98rZKhIz2Cimpe+9Sj5Q0aQ8O9kxXGQKY0oq6H4TCuqylpQUtEE2cmrcCceh3n1OTy4W437ta2oqm9ns4Ur62UorW5GaRVZMq2sz4piPWabBVaqx+mUA67OzFIXaAxmq5BeFoO7/hm43iHDnos6BfTnLgCrVsF+IhWGynbYrxSDjzwLLL2G2qJGlDUqmNiEwQDyhQyl2DUGA2yUpla2AznpwNHdwO4NwOZVwKal8GxPBPZGgju+AO5LP8BzdRSQ8RGQSYVulMb+GJ6MD8HdeB+uqx/AfmEQ9AdHoHX1AmTOTkDScIJNDOa8l8BgQ6CZw4Diba30rjnvdFk6s98Ox8y3QjDzrXmY/UEoLqeMhTvzQ2HWL830ZSKwdMGFzfftJuH9kPsRXMXTYTY0Qu+muieaMtD361yAzLPPMA1oyNCT4XQLNxxBhrlKvhB5mAI82X2WBBm64Z0epOcU426VLABkFKikhkNSQwezQNj4wwBQ8ZWDFnEFkPTv1EpA3wulj0uq2llau6KiFeVVrWg/fRsPShtwv5oK8Cie04LSimaUVgopcAEy7UxUc0N1LjbRiumUnUBDdoFXsNdiZYFZYVHdo0GmpkYG86Ff4Nq5FTIXYHS6oPA4gT23gbgrkF+rQHWdHBWB6o1Yj1hHd8gwN47mo9iAaxeA9UuADYnAhiRgQwqwcQWwaQX4rYlwb00EtyUWWLMb2LAG2LgO2LwG2LoK2LEa2LES3PYVcGxNhnvLCmDLJmDzWvAbUuDZmIKWJcuwZjS5OwksbtMfyND7zn5bgIukWf8NY6CZ9NZcjH9zNeoPkxUzSJz3O0zYWuC3oYCGiksvU6CXrLKRMKmyobe7YHQ4BMjY6RoVlro9TAQZYa0O/Z6f3RnwkKHYwWNBpr8K8MsR3CUeZ1JzUEbxGO+YDFkOTR1MBBmKyZCr01fI9E1uyJUGlm16UNmGMlJVOx5QJopULT52itLglA6X4UF1Oypr21n1MHUX+39uIbVNqWoJMha7nVkxXTNnJHmlkwOAQZC4RbNWBtPxo8CxX+Fie5pdULpcMF0uBeIvoi67DLV17XjQ1I7KJnmnqASAdYg3dLAMGYMMA40HUCuA43sFqGxYLj56aeNy8JtSwG9azl7GRnpb/+XZuAKO9avwIDIZu8fFIuwDIQNF6u4edWn2uxGYJemdcMx8Jxwz3g7DjLdCMeM/IZj+7xBMfSsMU/8TgYWfzIf22odA5mAgYwSQQWtpRwKZI5i6dioNF5Q9GDx1dldtY60DNKeI4jGd2STfa7iHazkImQBHKqyiyl8217e/Qd9HUQ+QoeHlZ9PyUNGkESAjSrBihBuEbg7K6tgdNDU+wM38yHKy0Q5UN0NwKasiyLR1QSaABMDIUVnbBrXG0LX2tgdRUJXjBbeJOqUprc+GW/laKpL84NIdMhTUNZ6/AqzfDEubHFoXoDJYgTXXwC+9iLqCKlTXt6G8qQ0VXpCh51DqFDdaOTjdDvBkAVks8Jw5BGxOFqwXAgIDjZc2Lodnk2CN+ILjUeTZtAL2tctREr4E60ZHYv47EUI2yg8yUQJkRLjMJLj8NxTT/xuKGW8RYBYxTft3GKYz0ETixvJvxVYHWkNLLt1IETjCLiamTNokSfoQ7uJFsJiNzD1iLpL3Nep7DXeqew+TTSzIe9a1MgMaMnRYOtJFT6oIGalh0O8JfULqATJNrQpcyy32qouRYjHdIdPQRhkRYTWF7438qKK2A4PJwqDRF8hIgCmvboVMrupcDNcbZNjXcQpuCVk1lCGrblQ/MmRIiqx8ODZtBtbuB/ZdB5anA9FngGWXUV3RiPstNJOnrZslU0PWYKOMZfJsdg+MZgN4OIDU04J7tGkZsJFAQ2BZ0V2PYb30qE3JwMZlcK5dirMTYzDvbYKMFPAVMk2kTsiIgJEgM/2tEEz7zyJB/ybAkKKw/rtp4K4OFSBzfRTbd81eJsjQWlq2mlaADJ87Dja1Biabs1+QCVSUJ9TKBC2ZbofFZajy9zeEjMUJ5NwuQWFJrTgmgeIIPtW+4m6nNoWJuVasBibAjfwocjrcMFksqKglF4msmd4hQ6L3pW0OdhtNzxMA8zDIsK/ldMHJ8WjtMPlDpvNn7htkKmuawO06DG71DrgSDsARexyIOAXdsUJUkIvZKGPrZapEwLR0UG+SHQ43paYBo8ECvVEHd3O9cLNvShJvelIAIDwFCe5XCrjNgu7HxGDxkATM/4DS2WTZUG2MGOBlgOmyYqa9FYKp/1mEyf9ZKOjfIZj8ZjgmvxmGpZ/PgP6cCBYvyHiuD2eNnPTIXs4YCnPtHtitYH/sAl6nvtewqECQ+S1mywx4yNChiLgUkyE9S8hQAZvZ7sH59DxU1bYKJfmso1iMU/jcZDS0nAK/D6+T6btodq/VZkVjq5K1HDwMMuU17Wymr8Ph7gaYvkCGXDOT1Ym6FpoFrGYB7U55VTf7w8UfMqWNasiyC4HVO8An7oUz/igQcx7lldQEqkZjnQIVLTJUNctR1dQBmVoLzuNhYy3aVQa0dHTA4bAAly51h0unFbOyuyj4GwAUj6NOyDAth33jMtQtWYKVY6iDOxzz3iHYhGPW22Hd3CRmwbwVgin/WYRJ/1nINPnNhZj0rxBM/OcixI6eDRl1hweADIm/NkxQ3ngYdQpYXbaer1Pfa1hUEDL9OBSX8YVMN6o/SflAhoJlerMdJ67koZ7M+QY5ar1msXhDhtwlg5mqg4WGSv8b+BFF7Ql2O2tELK8Wgr8kX7gwV6mqDY2talhsTsGK8XKV+gYZF+t3YmX/rBWgn5BpIDeSYlUUs9Kgtk4D5aXLwNI9QNQRKG+UsnaM2gaaO0wBZAr2ylBOc26aZbC7qPXBAY3RBKfDAc6iBfbt9LJkyGVaDGyOATZHdxdzpQKBIpkFgymg6+mnSyVBhuTetFyAzZZ4yJKTEDOEWgzCMPcdATIz/hvCRIAhkRUzRQQM05vzMfFf8zHhX/MRMXwmWg5/2gkZz/WR8FwfAc81As2ITsg4qw7DSPUwLjssDgqgB7hOfa9hUT1B5lmnsZ8TyJD70VXm/1TVbTmWMEe4tUOLS1llQvcvmygnFad1iaya2hYlTDahcE+o6PW/gR9VQhGdCw1NChaXuV9OdTBtrCK4SaaBUmdlU+YeVLZAqbWyXiVho4H/5+pN5O9XVLeislYubuX0isM8RDXNalTTiM9mNRtWznqVGjSortFCee42tOcLcb+5Fc3V1EFNEJOjqq4NlfWtqKinDZ/tcNFOKLjBg9L3gLNDDuzYBtX6Ayhem4YbqypxeXkHziUbcHqpDecTNbi+rBa3UwrRtPIUXOvXAhuSgXWCtePekgTX1qVwb04Gv5GsHVL/QEOBZIKM9MhvShKgs24ZIj+KxKy3wxlcpv53IdO0txZg2n8WYOp/FmDKvxdgEunNBZj45jxM+Ncc/PzPOYgaPhXy4wSY4cC1UeCvjQR/bQT4q6PgSR8NpA+B58YoGBwcEw2lNzNwBLhm+yGqoKeyED4IGeFItKVoOGWYfJ+wpyIvyFBlKVkRpTWtyL1bh8pGOVNgyHSgoU0lWlrSICr/m/hR5D1AnYZZ1TUp8YBqZirb0NBOfVJ2loamlgiau0JVwlRf4/t5HiYCuUxhwIPKVpRXt6GyVuYHEm/VNguNpayzmhpL2/XQ0WZPsx3NCgMqm1VCI2mjCuUNClQ0tKGivhWVDe2dM3PosbZZhkaZEkqKv/A8rHoe8nKg4BqH1O02HIi1YmOMDSuiLEgK0WDZQiWWLFAifn4He0wJ0WFNhBnrIs3YGmfB6QQF8pML0LDmV5jXLAfWJQCbEuDZSHU1BI7+Q0bKWklWDb3MbUhiNTUxn0Ri2n8XYep/FwjygszkfxNc5jMxwPxrBn56YxZiR06B9vRgeK6OhCd9JPirkkYDqSOB1I9gqf0VRorH2QU9KcjQ1MFnmWF6PiDj8TAz2vcJeyrygQzdePn3a1BS3YZycd82myQXADIUuLQ4ulaWsB1JAW7m/qoTMgQup4sFR+uaVKw470GNDGq9SQCN3QaD2Q6V1uT3Ofois9WFiloZSipamEVEoPEFiy9kOjQ2ZkFJoGlTGeH08LC53ZBpjKyOqJxNv+uARmWCSmNCJQV769pR26hAs1wPg80Ji9sGsx4ovcHjyjYeBxINWBGiQNTsJiycLsfc+U0Ij27CkiVNWL6iDctXt2H52lYsXd6M8JgazFlYhhkzyjFnegNC5jdiWZQCO+INOBzfgePR2bgUsQaK5YsFK6ezrqb/YoDZJMEnCe71y5A7bwnmvUdWDEFmIYML07/nYzJzkeYxCVbMdPz4+iws/XQSLBc+Bp82HFzaSHDpI0SNAq6MBJ/5PbRmHYxeYYInARkS/cF+lnGZ5wIy9H+Hm7pN/Z+wJy4RMgQY1jBpdSDzThke1LR3jtwMBBlheLgeFjaYygHbEwJMIBH4jGYnsyKE4eECaEwWExwOgg3tDBffV4JTgM/jK+pKL6MNCBUU82llkip//aVmgWGl3ob6FmGYFY0pbZFp4eQ5ODh6Pu2sQLGigVoEjELngosGmutQ29CO+kYlVHob7G4XKm7zOJLiwI5YHRbPr8f0CXIsWtSMdRtacfy0ChfStLiYpsXlVA0upalwMV2Bi1eVOH9Ej2MrrDiRyOHXJU5sXKxBVHg1pswux8/TqxG7UI6dUTbsjODw42cnseSnKBhT4pllQ6lprE8B1iXDtlUMGrPYT8/ZK2bV+L59QwrWjQ3H5LcWYcp/xUwSyyYJcZgJBJh/zsPP/5yNn0TIrP12IpypH4NLHQF32gi40wVxaSOAKx/Dcn8TdJSylgDzBOvDyMoNQkY83pBxch5m6vk+YU9cXpAha0ZrMOPGrVKUUkOfFOD1BYwIGYXWyIJzTx8yZNG4YaFZNB1aPKiVsVUo7Uqt2Pwo7hAXG0v7ChmyZGjbAc2ykSBDr/sDRoAMzYih4kOd0Qq11gS93gqHndaL0LgFoZO7Q2NgoNHqrcIvkiYeOl1sVUtNbQfu3WnFxT0m7Iy3I2ahHAsW1CAhqQGHT7biYqoGV9KNuJJmwpVULVLTtLiSpsHldBUuX1Xi7B4zTiQ5cXIpj+OJbpxY6sbJJRxOLeVxbIkLayO0mDenEbNn1SM+pANbo+1YPLMJY77YhC3To9GyIhbcpgS4NlMcZwU8EmB6gUxP0qygweSLMPm/C4UYjBSH+RfBZa6gN+bgpzdm4Od/zsLeGT/BnfY+XJeHw5U6Aq604Uxc6jBwV0fC2l4II7lIdicsbOqdw/9afSQJrSpByIjHGzK00YGCmf5P2hOWBBkK/DrckCk1uHH7AcrpxuoFMrWNcqj05s4Rm70PrHoCEtfVkpuk0ptYOwP1KFFmiFwqGqlJBYw0MpT2VjkoRsPARwocmLbY3cxaE4ZmtTJRW4I/YATIVFImqUGFumYVzGYrwIaLd4mNi3C7UN+mhNli64QMtQqo9BZkn7fjULIbCQuUWLigASs3NOPQyQ5cTFPiSroCV9JUSE1XIe2qBqlpJIKMllkyZ3aZcHwZgYXD8aWubjqx1IWTS5w4vcSNYwkObIjSYeGcRsyf3YiUcBVWLWjAuLGH8M2XCbgSlgDnxnDwGzay7BNLk1MWKwBIehZ9zBJcnR2JCf8JwSTRghHiMAJcfn5jNn56fRZ+fGMmJrw5CyfDfwKX/gGcl4bBeWUkXKkEm2FwpQ2GPW8KTDolzFToTM3BtNzQ9mQgQxYRZWppg8SzOgMaMt5HGizeLY33NOQVk6GUb1ObAhl3yrptJxCWo4nqhIwCGoNN3BL5DCBDEmM/NqcdZpudrR1RaQ3MXdIZTahobENRswIVD5qgy7kP9/mbsJy+Bf2tGrSznrDuoCGoKrQWNhriQQ0Bpo3tmaoIkGWSYjDkMtEozuaWjm6AYdsL2DoTjlUrO10OgNatcIDJyCHjlAN7E1SYNaseoVFtOHxcjUtXNLiSpsaVdCVSRaVf0+DqNR2uphuQnmZA6hUjzm9341gSj+NLeRxd6saxRAEuJxOd3XQq0YnTS504tdSFX+LtSApVYPasOiSEqbA1Uo2fvzmG90YtQ/LMJGBtCDzrVgFrU4D1S/tZ8EeQWQbtysUI+WAeJjDAzGWa8E+yXmYy/fDGLPzw+kz8/OZMXIwdBz71I7guDofr8ki4royA68owuK4MgbEwBSaLDWYHQUYoRCX5XauPoE7IPMP92M8VZFh7wTOAjAAaATIPqhqRfbeya1+0jyTIUMbHYHb8JpBhclAchuIx5C7Z0NSsQGl1K1pzC2HbsBOuJevhWLYX7thj4EKPw7IrHzZTIDeKLB4qAHSzYLtcZWLxlp4hQzN/lZDLlH6QEVaU0PAxcRczB9gsJlw+ZMDaSDOmzZIjeWUbzl/SIC1Vg/R0elQhPU2NVCYt0q9qcfWaHhk3jMjMJNCYcG4Th9OreRxLBo4lenBMtGB8IeOt00tdOJXgxNowFWbMqMGSUDU2RCjw4/hj+GBEEhaNXw5D1GLYl4QAq5KB9cn+sZdelQz3xgQcmxiFn/81lwV5J/xrNn7+50z8+MY0pu9fn4nv3piFn96ciWsJY4HLn8B9bhTcF0fAfXE43JeGwn1lFCy1F6F3e2C3SGUUQuDf71p9BAUh08vpC2Sk6PvjqaupjHp5cgvLUFTWIBaN9QwZKoAz2ygeI8zTfZQUcr/lAxkCDE2S05rNqKlW415ZMzQHj8C9fC0MJy5CfacE+ouFcMWegzv6EiwlVFHr/3m7xXJcHNoVph4hQzORaUUKdXj7QoZtfwRtZhQgY9DYcP6gCSsjdAhdWIdNe1qQmt6GtHQCjBZpaRqkpamRnqpmoEknyKRrcOeOEa0dDmgtTujtDhisdshlThRed+HMGgE0QkzGHy6+ls2JJU6sjdBg5qxaxC6QIWVBM8aM3YdPhidh6VeJ0IZGglsaAW4NjZLojzVDQeOlqIhdjPnvdkGGLJhukHl9Fn741wxcivkSuDAU/NnR4M6TRoK7MBzclXGwKutgcnlgswpriZ80ZCguQ9MNntV5biAjrEihm9+76tHFZtCePpOLzVsuYMu2q9iyPRObt2V004bN1xC/9DiWJp3EkmXeOhFA4r8lnkR8/EGcOJ/PZuUG3LMkQoaK1iirQn8hnilkOutxBFF1Lz1qTGZUVWtxv6QZ5m374Nj7K+QaM9qMFnToLbAcLYQr9CycV+vY+E/f1gNvWa1OGM0OFndhwV4JNOLP3yTTMhDR4jUCSZc4VlTHwUWDM6HX23HxkBsrIxswd3Y7du+TIfWKClfTVEhj6gLMVYJMqgZX03S4W0zL3VwwUx2Q0w0zxZpcTlhcLjbyoKmGx8mVFPjlcSLRhRMB4OILGrJ6NkbpMHdGDZLmy5kGD12HT4YnYuU3S4H4hUByNLBhCVxbvILBDw0IJ8GydiniBgs1MSQGmden4YfXCTIzMJ5pOg7N+x6ec8PBnxkDnBsNz5lR8BBwrvwEi9nOBpfRyA02ZOxJQ8buguMZVv0+N5BhGSbaXiBChjJNKq0ZY8fE4usvUzB50k5MnrIHk6ftwxQfTZ66F0NHLMWQ4UsEDUvAYNLQ+F41dHg0zl4pEupjAgDGGzLtCqMImGcJme6SwGAwW1BZq8aDkjaYtx+E5UIa5AYH5EYnFCY7TNeq4A47A2dGA2ubcNJFFwAwJJvVybq4W9v13a0Z2tTQpECrSgsXAwrZLB5W08QgA44Bxgk7HB478i4BayONmDitEfsP1TBL5VqahgGF4CKJXpeUcc0AucrBAEM7rATxXi9zMLusqL5vx7FEMcO0zB8svjq11MGCw+si1Jg3vRqbQ3WImF6Nt0ck4l8jk3Hm5xRYo6OhWbEEnvWJYsylL5BJATYn4pcfwjoh8+PrM/DDa9OYvnt9Or55bTq+enUqVo3/Gs5Tw8CfHQUQYE6NBM6Mhuf6AhbwddFge7uNrQQKQuYZHZZhou0FDDJU/u7EnFkbMHxIOCZPXIspU7ZiyrQdmDRtFyZNJe3GxKm7MHHqDkycsh0jxyzFx0Oi8fGQqD6I3i8a33yXgmvZ5axE3hcuvpBRaawMLL81ZOjR6LCjpoHcpQ4ojp4Et30P1DItOgx2qOUGWLdkwhl1Adb7Cvb90sf1BBpa2WK3C5XA3pYMG5nZrIBSb2A4IcBQcyNPLpIXZFywo+auEzvjLFi4oAXb9lYjPd2AqwQUgowXYHwhc+umCUa7HSaHwwswXpBhVo0DGr0NF7c5cSLR7QeUgCLILLHjSLwd8fNaETanERsWqTFh3FkMHZyId4ZtwY4vEpA+PRH8usR+xmaSUBgShe9fn42f/zUbP74hQOZ7Bplp+Pq1aRj3j6kIGfQ9lL+QuzQSntOj4Tk5Ajg5HChcD6MLsNuEWcws6MvmWz9hyDzDRW/PFWTcvKfTkulQ6fCff07D8CFhmDJlA6ZM3YbJ03Zi4rRdmDh9NyZM34uJ0+nlrZg0fSu+/X4NPhkcgY8HRz5EUfh4UAw+HhSH+SE7kVdUhypyFQIAhg0OF6fHsX3N3svcAkDgWcnscqK5XYv7FSq0Xb4Bfvk68NuOQX8iA5Zt1+COOA17/GXoZZRyF7JMEqB8xVwwuwtypbFzWh6pglorWhTQmU3gPS7ozTYxwCvFYmibgAutWgvOJDoQNVeB1RtacDlNhlSyXjrjLuQmdYncJEnFd60w2kVLhgHF3c2KobdZXQ4YLHbknqbUNYeTFJcJKEd3LXHg1BIH9scYMWtGDeLnt2LxnCoM/nQTRn+8DkNGJiFpbDxc63zT2ZTmDqSuVgXN8nh88cps/PBPisFMw3evTWUa/9pUfP3qVHz1jyn44Y0pyFv2KZynh8BFgDkxGjjxPlxVV2Gk1DVd57QbvbNn7zGL8aSBb2JMxu4Sg/HP4DxXkKG9VBJkWmVKvPH3yRg2OBRTpm7C5GnbmRXDADNzLybM2IcJM/dg4swdmDRjNyZM2o/hI1dg6LBkDB2ejCHDkjB0aCAlY/iQFAwfshwpq0+xBfbVzT24S14BUOocZt3SAW7U30IqiwnlVR2oKqwFv34/TCu3gVu8B67Iw/AsOA7dthzo9ILv7z1T2FfMorG7oVDTfBmKy3RZMtXNcliddrh5F1toR8Fngou0VoVz2XBxtxMpEVpERTbj1FlKSStx6Yqim/WSlkZBX3/duW2G0eYWLBkGGWH1bxdkyGp0wGRxIu80xyBDbpC/nDjBXKQuEWBOLbHjVIIVK0LkmDajCqvClfhm3AkMGZqMwSNSMH5QArQr431GSPjCxR8y/MZETPj3PHz7z+n45vUp+Oa1qfjmtSn45tUp+PrVyfjqH5Px1StTsXjkd7Ce+Aju00OA42OA42/D3lAiJh+EEZveSQk/cPRHPlXD9AcxCBmfI9ZxsfQwPUlUdPbGK1MZZCZP3dINMj/P2IufZ+xHbPRGbFm/EXs2rsaBDSuxMTEcKVEzkBI1FWvjZ2P94jnYGDcHm2MFbYmdg+0x07ErZiL2xHyP3QfTUUGd1wwylF0KkGGiHp4mDfOZfW/Q31IWpwPVrTKUlbej41Qq+GXb4Vq8Hc7oI3BGnELlnVqYTF2DzH0/XpIEGbXW2s2SoZhMfWsHXJwLTt7N4lZUgUxbBQgw4NxoKHZj/xI7ps1qxMGDHbiSRgV2CqSmKfsEmexMLWs7MDltXlaMW3iZvU6QcUJvdCB1B/+IkLHh+GIL5s6qQcz8VkTNuI8PByVjyIgUDBq2CkUxUfCw0Z6+UPGVV9Pl5kSEfbwA49+Yjq9fn8wAQ3BhIsD8nTQFX7w8AxnxY2A5Nhg4/hlw/B3YWuoCZDyfMGQoLe6kyuwgZLqdwJCZLkJmqwiZnZg4XQDMlb2xcN2aDBT/ABR/CxSSvoL75hA4894Fl/suPLnvATmiskVlfcTWZlgzR+DEuTxUt9BgawkwgSHT2EopXP8b9LcUfT9teg3KqDXgfh1UB8/DmbATnugTqD95G5VNMthsfRnLKSygoxuZmkClyXiVjR2QKdWsetftcaO2RQWbswsyVqsNl/fZEDe3HcnLWnEtVY3UVCXS0gkwlE16OGQoXlNWoWNxGbJizLTczyllmpzMwtG6dah+YMWpJIIMpbF9ARMYMpLbRKA5mWDHhnA15s6sxopFrfhs1G4MGpmIj0atxc6ZNKOmL5CRQLOcBYg3fxmKb16bFgAwkzCO9MpkjHtlCr57fSKyE7+F4+hQ4NBgmGWtfnAJQuYZHXo6SDZWKyNC5m8zBchMIcjsYJo0bR+S41YDRd8DRdPBFU2Bh1QwA/ztafDc/h62zGFw5wxlu2+6JsMPA585DHwWTYsfjvob05GeVYmaVhWqaRMBS2EHcJsalJApjHD+BoHe3kTgkBl0bLMB60MqqYX64FUo9majsKoBSp2BuTc0P5jk+/FdEgYdWWwcWxdLP7MwYFwGk9UMTqyFMZis4HhaGytAprXOjM1RFsybU49zp4Ugb3ewPBwyVCdz/aoWFVV6Fsw2u+3sUQoGmxx2VNZocXa1HScTe7JiAkPGGzYUBP5lsRVzZ9Vi2cI2zJpwDYOHpWDw6LWYOG4leOpr8gNKb1qJA9+GsxgMc5H+4Q2YiYJemYQvX5mMz1+egJ/fnIiM2HHAr2/AIOvwg8uThAzr/xMHvz2rrQXPHWTsLI0tQWa2H2R+mnIAh9YnAHe/g6doRhdkiqYAhZOB2z/Ck/8V3NkjBMh4g4Ygw972MYrSF6PgvlIYwOQLFh/IqHS0l3ngQaadIEMT86rbcK+6ja26LalpQlN9izhcnNQ7ZGjwNO1QdroBudrcOUunXWUE53GxrBIFesltYmtuWW2MDWkH7Fg8T43k5c1iLYwvWB4OmTRqiqQg8EUV8tM51D4gt83FVvjKWl24fVGIw5wkUWaJgLLEFzC9Q0bS4QQbQhe2IGp+K5aE1mD4sLUYMWI13hm1Au3JqwKApDetwkERMkIMZhKTAJeJ+PKVCfjylYn4QoTMF3/9CV//bRJKYt6DUlbuB5cnChm2xysImR4Pq5Vh+7FpRKTKCzKUWQoEmZngi6bCwyRCpmASPHcmgsv7HLwEmk5rhgAzBFzOB8i4tBYVdXpU95K+lv6qG6l4ijJLAW7S31JtOo0ImXbcpxEObD5MG9RmCxwWqg4WK4X7ABka7E3WTHO7Bu0KPRwusS6G1cZ07dCmRWw6nRE7o3mELmzAkWMKXEnVMFh4Z5G6KwBgvCCTdkWNa2csOJLixFEqplvmxNEEN44sduFoAonH8SUkF44vIaCQfCHTu44tsSM5Qol5s+uxOqoDYz/bhVHDV+G/ny3HsfnrulkpD9WG1dj59QKMf3W6H2QILgSZL/42AWP/NpFB5vOXf8RnL3+Pb/73K5w7eglGq90PMEHIPKMj1cpQkLWvkPEUThM1VZT4csFkeG79AD7nM/DZtERLcJnc2cPhyB6E1Av7vTYTCEvHfAFDos2OVoptiDu7fW/S30o0aqJRIU7Qq5YxUXCWOsXNdoIiNVZ6tyX4fw6SN2RomJrDTaAXMn30OlsHxwrwCDQ8eNhQkgGsCbUgNrYa5y8IkKHeJD+I9EWpJA2upSpwdrcOhxNMOLrYiiNxZhxZbMGRxWYcjbfgaLwdx5YQLAQdXypU9kpd2Q8TuU1bonSYM7sOqyNU+H78cQwZlYLBI5Mwe8K6Lndpw6qHa+MqxA+dhvGvCZAZ949J+PIfk/DF38l6mYCxpL9NwGd/Jf2MT//6I0b99TuM+tv3+PytSbh6MYuNeAhC5jc4Uq3Mo0EmsFAwFZ7878DljIIrZxhcWbQUfRSupF70Cvb2DJn6VlXnVoCBBBkqUqtpkbHtBrQUjvYwafRmNkjK7qKeJBoT0T/ISC4rC8JLkPEIIzkkuR1GNF1Yi4S5VqzYUIcrLOD7EIvFSzdu6JCTo0dGpg4ZGfS6FtdvaHDtkh3px8iKAY5EAoejgENRwJEo4Gi0B0fiHDiaYMPRBIcXaPoHmX2xJsyfU4/lYR2YOuEahoxOweBRSfhq/DqY1oguky9QAmoFpvx7Nsa/PglfvTpZAIwIlrF/+5np85d/7oTMmJd/xOiXvsOol77FqJe/x49DZ6O6sg5GH9D4gaM/CkKmb0eqlaGb+bEhU+SlwqnAnYngb30Dx81x0F2fiOuZeX2CDJsEJ1bNDiTImJx2VNTSord2VNRKgLGJ1os0i+YxINNNVPFLkxysQG0YWs+txsRFVuzarxZdJYq79A0yRcUm6G08DHYOehsHncUNjcUBrc0CjdkCpdIOWZMdLbV2NFTYUVsMnNtkx6+xThxe7MSRBLsPaHxdp8AiyByOtyJ0XiPiF8kwb2o+hoxajiGjk/HpuHVoSF4trmHxBYq/DMuT8MXfCDITWOFdpwVDcGGA+Ynps7/+yDT65e8x8q/fYfhL4zHipfEY8uevMWv8Imi0eiGTFoTMsztdkOl7TMYPLpIFUzQ9gKYA936CMjMKebfK+gQZmZIyS5wIGf+b9LeS3mZBaXkDKutk6NAaxIl5NHDcCyz9ggzbRs12Ugv/eQOHAsCApz0duPMv3NxxBtMXaXD8VBuzYpgl00d3KSNDh8K7epSWG9Esc8Bgp1Q1pa9phAbP9owL4zQEGV1OpP3ixq8JDhxKsOIwg4wdR5d4gYbiNL4KAJmj8VZEzG9G7KI2zJ9+G4NHpmDIqGSM+WItCmJXCaM6O/c9+cBlvagNq3BzbjzGvTYDX79KmaQpgQHz8g/49K/f49O/foeRL3+LYX8dj6EvCRr+l/EY8tLXWBK6AiYzzZV58pChdoUgZAIcCTJUWft0IDMNuDsFdRkpuH23sU+QUWitnZaM7w36W0qh16KssglNrUoWgyHAPBnI+It1W5PrVDgJyP8zTq2+iTmhcly62N5vyFDaOi1Vh7RUPa6mG1F8zwKtiaq8hV3OPUJmiR2HlgiQoZ4kBhrRoiHI+MoXNNRmQLGeqAUtiFvQinlekBn5+Vpcj1jtBRmCyRov0b9JoFmJTZ+G4Os3fma1MF++MqnTTRLgIkoEzKd//RYj/zoew17qruF//gbDXv4WB7YeYTu0qPrXDxz9UQDI0D6zZ3GeO8gQeymT0yfIFBJkpgeUP2BE3Z2BkhtbUFxM4x16hwwFhdU0CHsAQqZVqWT7k+RKHaziQKtHg4y4EKxXyNBuLABZ7wE3X8P2xApEx7biaqpKgEs/IZOeRpAhGZB22YDqWpo4KDWfdpcAGReDzK8JFvwab8OheBuDDQPOEgfTMS/Lppt142XJHEuwI25RO2IWtGDe9FudkBn9xRrkxdH0PBo6Tm4TQWWNlwS4YN1KqJISMf/tqRj3j+/x5csT8QXLIImAEd2jT18SrJgxf/0Oo/863gcy32DoX77BsL98gyF/+gpfvj0RBXn3GSAeCzRByPTtdELG1TfIoHAWUDAjsAp70N0ZKLx+APdLHg6ZWhqQbaSbV1pL663fqm5GiLW0KtQsdU1bJ2mwuACZnmHSk4TZwK4eLRkGGArIuwA+azCQ+zrWxpUjOUmO66lKXE3VMqVTligAVHpVqp6p+D7FJqSbrKvil0SQubzfgYMJNhxMMOOXeCsrrGOwSSDZcXiJIAk4RwgoImyOUvqaZaLsOJ5gR0JoB2IXtmHO1JsYPDKZQebnn5bDeX4ssHEdsG49QAvk1tHLq720AtyaZKRNi8TXlE165Wd8+TeCTJebxAAjQmb0X78XAr0vfcviMAQYgguJYjJD/1fQoP/9AnO+DUeHTPN4TZJByPTtPBpkZvag6f6AKZzBAsF510+itPzhkKlvUUFvpml4voD5bSFD6Wkz7c5uU6FNrmIvW+22x4QMVcT0DhkubyyQ8wZWxFRiZUo7rqUpHhMygkVzr9TQDSzeMrlduLDHiv2LLTiw2IQDiy04SCLYkBJsTII7JeiwBJtOK4csGzuOxdsQHypn1szMSTmdkEkISQCy3wW2rxAg06k1ogTIWFYkI+T9qSwGwwruRDepy0USADPmpR8w6qXvMZIB5lsWgxlO1gu5SH/+phMwnaD58xfYv/Go0LflC4++KgiZvp0nDhmm7pDh7k7C9etXhCn9D4EMjdw0WYX5MQMLMjQ6k9w4wRUSAPO4lszDIeMuXgjkvI6kqAqsXdGO608IMiVlRj+4dEKGc+HsTiP2xpmxP86I/XFmHCAx6Aiw8QOOZOGIVg6L3STYcDjOgsWhciwOlWHahCwGmY/HJOPMrp+BvHeBPfHdIbN2bac8a5bj8uRwjH6JrJYJAmi8IeMFmDF/+R6j/vIdg4w3YCSoDP7fr7w0Dp/88Uu8839HoF2h9odHXxWETN/O04FMd4vGWTQZ6Tey2YT+6kZva8YbMkIncnO7HmaaJj+gICOtSyHAUAxGhMtDYi89ikFG2J/sCxhv0LCamdZr4NKHISmiHKtXypCermAzY4TWgb7FZAJBprSiZ0vGzLlxarsee2NN2BdrwL4YI6t32R9rEmAjilk33hYOk+BSCa4UrcM1IS5EhthQGb799iQGjUrAeyN3QXPtA1YJjl8iRTeJJAJGdJcqF6/CuFd+xpi/UjXvz4K8YjHegCGN/Mt3GNEJmK+Zhv7vVxhEUPnfcfj4f7/ER3/6Ah/94Qt89D9j8eEfxmLL+j2sSfSR3KYgZPp2nhpkOkEzHdbCqUjNuouKRhmqaZ1qL5BplRtY1mPgQiaAfN/3YWI7nPoAGTjBO00oOV6HyIVKxCXJkdo5HLzvxXh+kLlCTZ69QIZ34+RWHfbEGLEnRoe9BBlRBBqybJh1s9jbuumCza/xVjFQbMWuKD1iQ2SIXtSGT8fuwOCRazBlUgKQ9y+4M0cCexf7Q2btKrQnJGPBB7Px2d8msXYBsmC8IUNxGAkwo0l//g4j//ytkEHqtGC+YoHeQX8ah4/+9CU+/NOX+OCPXzC4fCBqwuezYbDY/AHSFwUh07fTd8jEA0XfwVMwE547MwKq01XqFgyeDGPhTFzOqURVUzsqm3qGDM1Wobm+NOPk9wIZVgvTk3h6dCHrEoeERXUIj2pEWjrNjgkAj74qVYfUKzqUV/fsLhFkTmzRYneMEbtjdNgdbRCBY2TWDVOcCfvizNi32Iz93rBZbMEviy34lQWKLdgUrkFMSDsiF7Vi+MiV+GTQDqRt/RrIHAYu/VN4NkgBXxEy69bCnLICKcPn47O/TWapalYT8zIB5keMFQEzmgK9L5GL9D1GMsB8h+F/+dYPMEP+NK5XyIz+z7cwGIOQeaqnr5D5dV0CG/XA0XiHAIDx1zR47swEin6CLD8c6bfqUN3UhopmATSC5KKk9LUCMrXpN5nl+6xFcRmCDNXCSFDx/b0Ib+NRkGvDqqhmLFrQiIuXhd1J3vIDSW8SIVNRY/KHiyTOjeObNdgdY8DOaC120mOsAbtijUy740xMBBqK25AE2FjEYLEAGwoarw1XIzq0BXNn3MSwUckY+8U6GK4MhfvGR3AemQhu7Rp41grBXtfq1WhdkoTFQ2bis79Pwmd/myg0PP5tAj7/m9DwSLUwlKamat4RLwkiuAiAESp7SRR7IbiQKP7yEcFFlAQYZsl8OptNAfQDSF8UhEzfTp8hs3YJUPAjuDvTwd2mOTLT/STARbJ0CDKz4Cn6DjU5ScgoakTVQyBDUujMz2aJ228tqgNyuVnfWO+QAeqqbdi4WI8Fs+tx9Lgal9N1SE0jPSpktA+FzNGNKuyK1mNHtAbbo3XYEaPHjlgDEwGHQSeOgGPEnjgKEndZN5IbtS/OiOVhKkSHNuLrLw9g2Ii1CJsRA/PVd+E6NQ6uDYlwr14Pz6o10CWuxK7vwzH+jckY88pEBpnPX5nI9NkrE8Rq3u8YYKjxcfhfv8Xwl77DsJe+w9C/fIuhVNH7Z0pVC8FdATBfMsCQJMB4Q+a9/+9TbFy1m22U9ANIXxSETN9O3yGTCBT8/EiQKcrYgtz7LQwyXYDxh0xlgxwqg3VAtRI8NYkbJb1dpp6OTmfD5sUcQuaUY8cuBS6n65GaRhJA4weS3iRCprLW7A8XUSbOjcPrFdgZpcP2KDW2ResYaLZ7gYa0S7RudseSGyW4UgwyzLoxYfdiExIWyhEyrwojRq7BkJHJGP35RkQvioUrZi3cUSlwR6aAj06BPSIFp8dFYSxZMEyTu0HmU7FlgFkxL30rFtl5A2Y8hvzvN34WzMd/+IKJwUXU+wwyn+Pd//sp2lpVwtCpR1EQMn07fYbMmiSgYCK4O9PABQBMb5DJStuFO2XtvUBGiM1U1MugNdFMlgA35YsmETIkyWXq6dCStwObFIie24zk5GZcuEJweTzIVNVZ/ODSBRkXDq3rwI4oHbZFqrA1StsNNJKYGxVjwK6YrpiNFBgmS2d1mBKLQ+SY/PNVDB2WgkGjV2DYiDUI+WYluLCkTrlDk8CF0uMy3P05GmNfn4DRr07EmH9MwmevTMQY6qpmcRjqqv6euUjDyD3yA8zXPQKGwCLoC7z7p8/x1p9GYOfaA6ytwg8efVUQMn07/YLMnUmPBJmrV35FUaXsoZAhS0ZveYRA6nMqes4JMlQvQ7+Dng5tKyi4qcDSBQZEhtbh1FmKyzweZKrrrX5w6YSM24Vf18mxPVKHrZ2QEUHTDTICaATICKCRslD0MUmhMoTMrsEXn+/F0GEr8MnINXhrzBqUTlvuA5llncLCZWiYFoeoD2Zg1D8mYvQrEzD6rz+JgV4RMn8RLRgWg/EGDFkxgnskAeZjyTX6o6B3//g53nl5DGZOCodCoYflcRa8BSHTt0OQERokHwaZZODOZOYu+cLFHzKk6fDcns0gc+nSKZTUdjwUMlUNNOP2aY12EILJ0pDvASGnizWCuthSMN/fTNehKXlGiwFroy0InduCfftlXjGZfqaxRcjUNNj84NIptwMH1smwNUqPzZEqbI7SYEuUptOiIW2NEd0nUQQa0l7KREUbsDlSjaUh7Zg+MQ8jh6/F0KEr8B6lrz9bCWtICoMLL0oCDBe6DJ5Fy8AtTIR6VgKSBs3G4L/9hBEv/4SRf/2BBXtZwJdZMBJkCDACZAYTZFgMZhw+/sOX+OgPX+KDP5AV8wXe+8PnDDL//d/P8fO4GaipaYHZ9pid2EHI9O3Qte3m/buwp07ZxrZH+kHm9gx4bs3sRfTvs+G5NU14LPgOp8+dR1ndwyFT3Shnvyx/QDyeKMZjowI/G4mD1eaBzeaB3Y6nIptd+Pwkq43vVez97B643GzjSZdoUh6TB243B7tbjwtH9YiZq0RMRBMupxqRelUjgkaI0Uh9Sb1LyC7VNtr94UIL36gwzW3DwQ1GbIzUYUOkmmlTpFqEjRZbokXFCLDZJgEnWo+d0Xpsj9JibbgSEfNqMHbsLxg6fDmGDluJocPX4vSU1eDDUuAJTQEfSGFJQGgSPKHJwKKlrDFyyN9+xLCXv2Md1BTwHfrSOAz6v9MQ+tEX2D7+C/z873F48/83HsP+8jWzaj76w1f44H/G4b3/GYd3/2ccPvg/4zD0/4zHG//vIESFJkLRoYbFZn+0AjwfyNDnkCBD11kQMgEOQYaN3/QZWvVYkMmf0/VY8B2On7+GsgaCSe+QqW1RsCCcLyQeVQwuDDD0V4ZDZU0rKmraUU5jM6tlKKtqf8pq66Poe2pHRY0MlbXtqKyT1IbqulbU1reisakVdwsbsCpai7lTG7FzhwJX0gkyUhDYFyY9Saj4bWjxB4wEGavTjLQzBqyPMmBdpIppfaQKGwk0kRpsitJgU7QGG2O02BStxeZoLbZKFk60Fhui1IhZ0ISffkzHkBGrMXj4cgwevgITx62Bbs5KYOEKIEQAjR9swpLZI0GGX7AU8ulxGPP3HzH45W8x5OVvMPRl6qb+AYd+Hgv31uFwb/0M7m2j0JD0GVI+/RLfvvY5PvsbVfh+hY//Mg5D/zoOX/zrJ0z4ZiZy8rJhs1thsdlgtTsebxe2aMUwyIivkzcQnCcT4PQfMtPB58/wk4fUA2SOns9GRYPsIZDpQEO75slChpaqi5ChfqgHlU0orWxFaWUbSivbB4xoZnBZtQwV5FLWd6CKdjE1yEW1o7quDU20p6q6AUf3KBE9rwELZtXhxMkO0W0SJAFEkC9cSAb2mJ6mR1Nb987rbpBxmFFXo8eGWD3WRamxNkKJ9ZHKbpDZSJCJFmBDkNkSrcfWaD17eWloO2bOvIshozbgkxHL8fGIFRg0YjlSp6wFQpYDi1IYZBAqyNeaIfAgJJnFZxxzlyLxwxkYRBYMDaH663g2ykG+chRcm76Ec8soOLaMhnMrPY6CfOVo5IZ9juNTPsfZqV8iNTYCd+/fgVqvhpmGiVvB4jC0B/tJQ8bpDE7GC3j6B5lJAmRuzgB/kx691AmaQJDJY0FdWn7WBRZvdaCyoQPNcp044sEfGI8iATJ0MbmhMzpQWtmEkspWlFS2DyiVVtLcYBnKquWorFOisp6C4MJzUl0vR3W9DLX1MtTVy3D7VgtWxWowf0oHli9px4ULKnEUZ4BVKN1gQ4AhGZGdbYLG5IHZSS6TJC/YOGwwGLQ4f1iGVRGtWBPZjnWRCuY2bYzUMG2gxyhtpzZF6bApUssGhi+Y9wAjxu5kgKGA78fDUhA6djWwgABDwV6KyfRgyYhv8xCEFiUDCxJx+oswfPTStxj0l28w6C/jMfnfo6BdNQKujV8zsDi2fAbHls/h2PIpXFvHMHGbRgGbPoezrggmmwUmmx0mO8fUtQf7MdwlcQd2Z/rb7oTLFVzuFvD0BzKe2xJkpoPzUe+QyUdlg4JtSPQHzFOGDFt1y0GltTBLRoIM3dQDUeW1ClTWd4GmmppKRdDU1MtQXd+Kc6dbEL/IgNmTW7FpSzuuXOlAGltT672LqasZ8mq6HjeuG5CRYUBBoRVytRMml4stc/O1ZCRRl7lGacSJHTZsiDFjbYQQZ1kXrsK6cDXWR1CshmBDkNExS2Z9hAZhs8owdvwv+HBYEj4ZvgIfD1+BLz9bAWvcZiByJTyUrmZZJX+4+EMmiVkz17+NwpCXvsfHfx6PT/48Huu/GgvL6tFwbfoCjs0El7FwbP6Cgca15TO4tn4KjoBzZTXMJgNMdjdMNHKUPQYAxqNIggwbFUHuuAtud3AXdsDTb8jc8gfMQyFz7g4qG9RsoTwV3j1LyJDvTZmlDqUeDypbUFLZNqAh88AHNP6QkaGspg57trUibL4CM+Y2YccuyjYpelzuln/LCLnWDo3ZBoPdBaPTxSDjCxbJXZLkcNlhNZlRddeKa6fM2LFUjTWhSqwNU2J9uAQZwaJZF6FB3NwG/PT9VWbBfDg0Ge8NWYbPxq7E/cjN4FduhidxHVxRYmaJAWU5+NAV4mOXPKROyCQh9/sYjHz5Bwz687cY88q3yA3/DPb1Y+HaPFqAi6Qtn8NNkNnyKZwHpsDWVg0jm35HFowAmKcCGWbRuODmKEsYhIzf6QkyU3xS2L+sSQKXPwHu/Glw582AO296pzgSc6EILNPhyZ/V9XjnWxw9dxuVDaqHQqZNaXxqkJHJ1Swe0wWZgauyGhkq6joYZKqYJNAIsCFr5n5ZEzatacT8+SpMm6XAtp1tuJKuxZU0obeJ4ELzZq6m6ZCfb0SLzI4OtQMKjRMqnQtqgxNqgx0aJivUejPUeiOT1miE3myE2WqExayHxaSFWWfCyZ0KrA7pwNpQATKSq7Q6XInY+fX4bnwaPhixBu8OW4aPhyTjrdHJOD9nHZzL1sO9ZjPcKzbAFb8K7vAk8CEp4EOW9yrBXUpCyU/RGPfyJHzwx9lY99kY2NYMh3PjWDg3jYaDXKLNJILLaHg2j4Fnw6ewV+bAYnU8esvAQ8TiMZ2QEcounlVmic4LARnfOpmDq5fBnfcTnHlTRch0F3dzphCrySerZlbXI0Gmj+6STG1+SpBxoblVIbpKEmTaBrS6g0ZymwTVMMlQUNyAdYlGzKOpc7MasW69Aleuahls0q/qcP2qHtfT9bhGSjPg6hUjrqWacD3djIyrZmRcMyLjmh6ZV/VYFWtC/Fwjlsw3YskCIxIXGrE81IRVYYI2RFmwOkSDNSGCuyQARo910VpEza3B+G/P44OhyfhgSBI+HLwMbw5LwZlpS+FZthGe1TSMahPcKzeAX70ZrtgV4KhWJmS5qJUBJLwPWTLq2YkY+5e5SBnxEbB5CBybxsC58XM4N34Gx+ZP4WQaA8+mMcDm4TBVZMPoBHNhKB7nC4gnIV/IUM3Tswr60nlhIeN6ZMjkorKRYNJ74LdDS31LTxYyUoapvqmje7A1wI090ESTBMtr5X6QkUBT26BAYZEM65PbEBaiwcJZ7ViVJMepk1qkp2tx/aoON5gMuHHViBvpRmSmm5B1zYzs62bk3DAi+7oBR/ZqkBgqR2KIHMsWdSlpkRzJCwWtWCDH6kUdWBeuFNykaB2SQ2WYP6MEX35zFu8PSWEuEoFm6OgknJqeBCRtAlauh2fNZmDNZvCrNoNfswV88ga4QgkyBBJfuHSJvc+iJLhDktAYshCudZ/BtnEMbJs+EyBDj6TNY+DcMgauXd/Dfu8atA7AYffAancL9VFPCTRdQV+hsDIImR7Os4DMkbPXxRS2d9raHzIKPY20fMKQoeySw4maBtlzBxmStEiuirlKPrCpU6CmXonikjbs26VEbKgCEXMVWBymwI5NKly+oGOWyo1rBmRcFZR51YCsawZkXzMgJ0OHS6e0WBEtw9JFciSKIsBIj8sWypBMgAnpwIZwBTZGKZASKkPsgibMmHQHn3+2Ce9/shb/HbQM/xmyDKPHJOL63PXgE7cCK7eCX70VntXbmAXjWbVF0Mot8MSsAR+yEvyinuUWrRluUTJ72RkTCXvyVDjW/gAHwWbzcDg3fQqsGwXXvunQ1dyC2ULV1B4GAJuXfAHxJOQNGafr2QV96QQh4wOZE+dS8YCKyx4CGZWRNgA8JcjUP5+QITHQ1MhQVRcANKRaJcqqOnD2fDsWhykRs5BqaWRICJFjxzo1rlwwIOu6EVnX6VGPHFFZ1zVYE9+OpQvasXSh8LhEenlhO4NM8qIOrA5VsDaBteEKxM6rx8JZVfjxq1R8NGQZhry/FP8ZGoE3ByXj67HL0bp4K7BsG7BiO7ByBzwrtwtatRWelVtFyGwFlm+FJ2YdPItWPkTL2SO/aAVcIQSbZeDDk+BeHAfnygngNo6ALn0DrDoKXJP7Igw8s3kNPXuqkBGDvi6achiETODzyJDJ7S4uzwsyBBz2SJAZj/MXL+J+NY166AUy9XJoTFSh+xQgY3++ISNJAA0Ffv1hU1kvQ2VjKwrvt2Hbhg4siZAjZp4ccfMVSFikxJoENQ7t1uHSSS2untcj45IBW5fLED+vnWnJgg4kLlQgKUSF5DANlkfosCJShzXhGmwKV2HJPBkWTa/HlIn5GDx0Pd79KAyffBiGjz+JxNARK7F90krYk9bBs2IdsGKzAJkVImA6YbNNAA1BhoFmCzzRa8GFreoUTwvfItcCUWuBiLXgQ1Yxq0aCDrdoBdwLqRp4JTwLV8G64yQsHXaoOKr1oV1SQpxEKOp8NpCha+xZBn3pvBCQoeySdwq7G2RyZ/qJy50JnkCTN114pLQ2PeZPQPrlE7hb2SxChoK/AVQvh9ZCpu0ThIy4R5uCv5SVeUDVtaJ8b+DnQQ+q2lBeQ+0G/u4TNZdWNtBo0zaU17UhM0eJg/uasTKhCbFzVYiZrUbcXBUSFnYgJVKB1XEaLAuTIylchqSwNqREdGB5lAopkWosi1BiaTiNaVAicl4zZk29ix++uYTBIzbj3Q8j8cGHYfjP4DiMGLkE0T+txv3I1UL8ZfkmYMUWYMVWUWTRiFZN58s+StkKT9JmIGkLPElbgOSt8KRsFd6evA18/Ea4IwTXSgDNCmbVsIAxtScsSoF7xynILCaYnN7FdRysXvIFxJOQUCMjVKgHIdPL6QkyvnUy3pBx5czyE5c7C3zuTHjyJM3ofDk/dTcKHjSjukmGiialmMb20VOADBNdeDY7quq69xL53sDPi8h1IpUx2AjZJwE0YhsCPdbLWDtCeW0r7pa24caNDuzfKceySBUiZygRN1eLmLntiJ3fjLgFzVi8sBkx8xsRtbANYfNlWDCnETOm3cb4b45i0LBVeH9IAt4eFI13P47C6x8uwgfDFmHjz8moXLwN1pRt8DCgEFwCaPm2fotfIWk7+OXbwSduARe5ppsbRaChR8ynXqg1cJ68Cr3LIdbCiJW93goAiccRWTHMNXM4n2k7gXR+l5Bx58xkkOFzZ/ip/Npa5BU3oqZRjgpfuAQh81jqLdXdqYY21Da1sceLqXmIjfkVnw7biq9G/4oJ48/jx3HnMO6zoxg6ejPeHhaNf348Ff95fxree38BPv4gAm98uBBvDp2HmZ/PR+6CJCB+C7M2uOVbGQyeKmRW7GCg4ZZuZu6Ub8yGIMMtXAmEbIBZpuxedPc0IcMAQ9frs630lc7vFzIMNNP91Ja5FJm3a1DdRJDpxZIxByHzqPIv4BMkWTlCEZ8MNQ1yVDfIUVLRgJt3yvDr0StYt/Ew4r+LQuTYKISOiUH42KVY8nUy1k9YjUMzV+Ne5AZYl24BUggC24HlO9ijh2IuTOT6SC6SjwJARBJ9nACprtelt3WDzIod8JBFE78RXKgXYEgLVwELVjFrxnEuE3q7ne1RMrPmR6Hc/5HHa/Yi6XPS4LFnbcXQ+d1ChsuZAS5nup+02WG4nvMA1awYLwBgRMg86cAv0+8EMiTBjRJgQ4v0GHBY/xPBxhs4BJo2qI1WuAA46To4lgYkbwMSKS6yHUjZ0bsYaCQRePwh0ps8osXCrdwGzg8u/pBhStkGLmYdCwaDtIi0GlgoiFu+B8b2Nmh52vBph5X2lbOCzMdohOxFLKsUhMzDz7OAjCV7JtIyClFBIww6Wwt81CCH0kCbGYOQeWxVewNHLjRbiuoEjTdkPACndQPrD4iAefKQEYK5YhCYgrpekOFXEUx8AeMDmeU7mbhl28BH0MgIL8gsWiOAZsFquPaegcpphMlFoJEg8xgjHXoRre55lv1K3ueFh4w7a1YAzYQ7a0ZAubJ+QtrVXJTXK3uBTAcUOptY3xAAFo8qBhnH7wsyPiLYUOUwSchMUZymHWqDBW76/XsANwd4mrVwHTwP5/KdQNJ2IHknkCJpB5DsJQYa6d9EMC2nGMwWuJI3wJCwHoro9WiJXI/qBStwe0oCzn8Zge0fz0Hyv6ci8c3JSPjnRCz59xSsfGcqTo0NhzJhKbhVXa6WP2R2CaCJ29gFGXKXJJdp/ipgzkq4d5yAViFnf1wee25MALGgr5erFITMQ06/IZM7De7M2QE0C1zmTHBZM/zkyZiMjGsnUVrTmyXTAbnW8lQgQ3/JahokyLQy+d6IL7qkrJTQqiBDZX07FFoD3AQYcQSri8awml3IiN2My98uxs0Jy3Br+nIUzFyFOzNWIG/SMmRPWIqsnxKYbvywGOnjo3Dhq1Ac+jwa8pgZwLpZUCROxObBs5H4nzmIeHMmFr46GfP/PhELX5uMRa9ORtirUxDx6lREvzYNsa9Nx+J//oz4N+ajcN44GHOzwJ+/CqymtPcW8Mt3g1++RwSMIE/SDvDRG1idDL9gFTzzVzJhHj0SbFbDk3IAfNot2FQ66NzUie2GibqxHRzMjxEIlrJKZMX8Vq4SnRceMlzGLLgDiEEmgJAxDfnXduJeBdXJBACMCBnWIPkUIEM/W12T/HcNmW5i7lQr2jq0cLp4NkeY44WB8gSbXxasRsRb0xHx72kIeWsqwt6ajvlvTMC0l7/BlL+SvsaUl77G5L98hUl/GYcf//w1xvx/E9EYOxrYKMx6ifr3BCx4dQIWvTqFQWbBq5OYCDKhImSiXp2GmNemI/61aUh4JQzHQldDYTKy7mlXzh0GGg8Dyz7wy/eKwNkNT8ou8EnbwUeuY0V5/HxBnnkrwc9bBfeCVXAvXA0+dD0Quw3Yfwlc7gM4mpQwm+0wOEXYPEb9DF2n5Cr9VicIGS/xmeQyTUdJ+hoUlDaIxXeBIdOqNDw1yDS0KIKQkSRCprlNw4Ki9Dw5HW643TxcnAfnozYj8q0ZCPnnFMz/12Qs/NcUzPj7D/jxT1/ihz9+0U3f/+kLfP3HcRj7f3+EPmU4PBs/A7/hU2wf9RNmvjwRc/8+AXP/9jPmvTJBsGb+MQmhr05G+D+mMMjEvjoDCf+YjoTXZmDFmHCodSZYnB4Y6MLMuA2sIqiQJbMX3IrdTMyaSdkJftl2uCPWsRQ2Qca9YCVcC1aBn7+KwYbkWbAGmL8GmLUamL0GCN0M4+FU2LQGGJxk4TxaUJh6lX4rK4ZOEDI+cmdPR+PVpcgtLOsVMk1y3ROd8cskrrxtalMHISOKKofpOahtVLM0L5XdOxwcHE6e6ULibsT+ezrCXp+GRf+chkVvTMWMl3/Ez38chx/+OA7f/2kcvhdfJn3zp6/w419+hHXtKPCbRsGzcSQyZ43HxJdnYvbLP2HOyz91gmbB3yci5O+TEP6PyYj8x1RE/2MqYsmieXUKYl6bAkWNXLAyPICBc8CeXwxsPAKkkCWzFx56TNkNjqyZFHKddoJP2ApP5HpwoWvgDlkFjrlR3hbOCnjmpYCfvxxuGgG67ADMTTIYaEjXI2SeyF2izZ+/RSxGOkHIdNMs8NmzoLoRgWtZNwWgiHuvu4ZYCZCpbxNWhvqB4jEkrbxtlWuDkBElQKYNVbUq9pecbhq7CBjSxfWHEP/PqYh4bQbCXp+OsNemYMZL3+PnPwSGzA9/+Apz3p4OxyaCzAjwG0fAsHIMfnxpJgOML2QW/X0Swv4+GRH/mILIf0xhgIkm6LwyEdf3XYSRvicesLp52B1OmOoa4Dh4Dli6C0jZB6TsYZDxFp+8C57EHeCXboMnYRs88VvBx20GH7MR7ugNcMduAmI2A4n74SypgtEm7J3yBUhfZGeu0m8T8JXOcwcZWvr+UMisWgZn7o9w5Ez1g0vvkJkNPnM27DlzcelyKiqoVsYbMqLo9boWpdhw5g+Lx5LTjTaFPggZURJkyquUMNkkyHRZMtlH0xD/2mREvTYTEa8JkJn+528x4Y9f4cc/fYXv/7c7ZH7+P+Ow4qdEcFvGgN80HJ5Nw4FNwxH9zkQ/yMz7e5c1E/YPwW2KeHUyIl6dhIh/TMTyb6PYPF6rG9B6OGg5YbOAwWmDuaYeWHcMSNoLTrRmuJSdokTYpOwCkncBSdK/7YIneTewbD/cZzOgthmgcJhhp4wTc5f8IdKb6I+g08X9pq4SnecQMsJyt7ZeurAPEGRyfoAzayq4G7PAB5AnY7afCDA8ZZ5ypiPz0k6U1LQxq4VtjJTUoGSqaVY8eciQu+R0QaWzBiEjSoJMWWUHdGZK83Z1LJPuZd1B3N+mIO7VGSwwG/76VMz6y/eY9Mev8PMfv8JPf/oKP/1xHH76wzj8+D9f4sf/MxYHluwHt/0bcFtGgd88Ep6NQ5E65WtM/+t4zPrbT5j9yk+Y88pEzH1lIub9fRIW/H0yFv19CkL+QZqMUNLfJyHkPxNgVJthdvEsPkd//Oh6oO5qo8sJrcMES10j+Et5wO7z4DceBVYdBJbtESydRALKHmD5fmDTMTj3X4D12i0Y5QponTYYyDISNxX0HzDCtcS5f1srhs5zBxnKKtBO5p4g8+OU/TiwMpHVu7gypsF9Y2ZA0PgCRoIM1dDwWTNQfXU50m7XCB3EDQEg06SA2fZ0IGO0cF51MkHICJBRQKU3M7ALa3wFyNRWViLmL5MR/7oAmcjXp2HuSz9iyh+/xsQ/fo2fGWS+EiDzhy9ZrOb/3957v0dZpYHf/8P7y/d63+u9dhVCs1BSgNRJpQdIr1PSeyGB0GvoPaGJWNdd17bu2ulgRUVFV8SGBZVeU6fP53vd55lJJpNQRHAF5+b6+MxMJsXJPJ/c933Oc85Lj+/C+WQ51s2TsDVPxLZxPD8vnkTJ/RmUDMlVlA0xKNGU36eJpuq+PKrvz6f2fpMSjeK+HL5++6ga+dEmZsrPpV1u0mYT7LTYbVyxWWm7cgXrT2ewf/UD9o+/wPrWR1jeO4L1w8+xff4N7b+cpqWtTduZwW6n3SqjSTKqpG1PezOSkSzmfy0YiTtTMrbrSWYJjn0G7HuLcewp0dhbcl3JCDJZz3GghM79lWx96TBf/3Car7+TbWl7SuarH85wpV1bk/eW4ZZMh8XVLZmvep94fya6JXOWk2cvu0eYuiVz8uxPzB2Yz4JhJWoey6wHi6gakEvBX1MxKdG4M5q/Jivh5N+fyb7XD+N6ZQXWZtkHSVvY+/LaKcyNzKBgSC7FQ/SUDjEo0ZR5i+b+PDXiJIKpvS+PeSNKeHntM2qfalmiwTvDEtEoRBYKEYeddptdyUcWrdJw37fJx7TndliddFg0blYy0iCXETi/ZH5lyMsl1aUY+nqSce414djjJRklmutLRvoy9gPa8YVn/s1HX/+oXajnIxnZRfJiS4fqofSSxU3jeYO6OP79OT77QsqlnhPz/pyIbE5z4uQltQ6uReFQXOy8yNLRVSwaVsK8B4uZPbSYuiEmiu5N75KM4d4UJRihKDCbQ4eOYnv/BZzNCdibpyosGyfxfPZUjIONFNxnpGSwgTIPXqVTlZRPIhspoR7MZ0vuYi63yk4D3VdRyzbDHjyPqXku3s9xS6QvelyRfZNXZ0u2/3uvG3O1uCMlY7M7+fnk+etKxrmnFIeiD9H0IRiPZDwce3UxOw9/zTffneOr7855CUaOZzhzoeU2ScbJDycu8OnRn/js6An+e+wnPj924k/KTyqb+ezLU3z300XaO2w9JNNmb2dd4myWDi9nwdAS5g4rYdYDhVQEZJMnkrk3tYdkqnVFfPnFD7R/fwya4rsk42hO5LMZE6gYoafgPpOSTOkgfZdoygcbqRzSUzLl9xtpjCvnl5MXegvBl99RMlLC/547RF4v7jjJeEaYfj51bcm49uTh3F2mROPcU9IbJZreeEvG/E4GL+w+zBfHr/DV8QtdklEjTN+d5aczF+l0z225NXSn2xcvtnPy1GVOnr7CqbMtnDp7+VdwhdPnbpQWzpz3pvWGOHtBaOvBuYtCu+L8pY5bxrnLHVy41MGVVjMdnT6ScXTwRNk6lg2rZOGwEuYPL1WimTbESMG9aSqbkXJJ680kMyexjtM/nePSFRtsiO6SjLN5Eh1r4pkdmoHpvnyKBudSPEivUMIR0UhGc5+Jyvvk0oM8ldksiCrnk/f/S6uUPV1lTR+C8MFXLLdKMrLbgdX6+y+xea24oyTjCYfTqTZAu7Zk8nHuKsW5qwzHrtIulHiUfMpw7SnvhXOvhmNfOfa3snl355N88MUZvv7uPF9LL0ZlMppkvv/lnPqlesuhm9+a4Whlgee+th7snxNfkXdLxk67o5MDj77OkvsrWDysjAXDipk/rIhZDxRQHpDdQzLZf5nKytzpdF48R7tcBLUtHWfzZHcmMxWaE3kuV0/WoELyB+kpGKSncJCBosEGSgYbKRtsonyIyCVfUTUkn1khFbz5r320SnPX02e5yT7KreB/tTDVteKOlIzT5bpxyewsc8umG9eu60vGvq+czgNVnNw5l32HP1MjTL6S+e6nM7R1aPtX9+a3SqYncqL9afF5LbokI8O7djPH3j1C430VLBlezqLhJSqjmTesWM1tKeqXoTV/pWzql0pT7Ura2ztotbtwPjsdV3OiWzJJuJqmcG7ZFDIHFWEalKsQ2eQP1lPoFk3pEBNlUioNyaNqSAF1Q4p4YfXfuWzuUMPWgqzf+7+QjFYm/W8vIegr7kjJuHBx8vTNS0bhyWh8cUtGMB+spn1XKbv3vcQX38goU0/JyIWMLW3mPgRz6yXjpxtNMvL6Wmm3dXLyxM+sGlVP4/BKFg8vY9GwUhYO05rAVYP1mO7VhrILBmbxtxVPaAKwObHv3wZNE1QW42wS0UzBtXkc25MyMQ3SYxqoJ19EMzhXZTTFg0Q0JsqGeCRTSO3gQraXb+D8pSv/U8loQ9a//yLhNxJ3qGTg1OkLv0ky3iWUdynl2OMRTZla+sG+t5APX2nik69+0TYokzkyKqsRTnHhcrs2C9Uvmd+dTquFdnsH5y6co3nSIpYOr6JxWLlCK51Kmf5APgX90zHcm0rxfTk8u/lZdb1Rh83B5S8P4dg4EXvzZGxNiW4m0L4+EcPAAoyDDJgG5WAanEP+4BwKpU8zxEjJEJOW0Qw2UTkkj7njp/PLz2fU1H9t+v+vv8botyJTH/5oZZIn7l7J7M7DufPmJePaWwp7i9TaM6d2zuD1N99Vo0zekpF1aM9eaFHbTfgl8/vjkczlzsv8c9p2ljxQ0SWZJcMko5FspoiSAVkY+6VR/EAuz25/gVaZKGd30XriGPaHMjXJNMsWspOwNE3C3DSJx6akYhhowDQ4S5E3KJuCQTmqP1M8WIa4NclU3JdHTUgJ3335o7qkQPh9JSOvg6wX8/vvQnCjcddKxrnL1C0ZdexJT8GUuCUjw93SrxHJlMGeUmz7K7DtLea1l//JkWO/uEsm2XJV20j+5NlL6pctPQK/ZH5fOiVrsEsvpIU9W15iyYMVLB2q0TisQpVNMhNYrkcy3ZtG0QPZ/GP787TZXLRanZgvncX291rszVN6SEb4smEyJQ/kYPCSTP6gHAoGSyPYSPEgrREslA408Mlbn3TtZ3671untC1nk7H+1QPiNxl0nmdyCx3hSZvzuNOJ4oxTHG2XXRRORhmO3ltG43D0ahzSD95Rw7rV6/nXgc77+TuRylq+/P622Tfn25I+0WluxdzqwuYdVNeH4JXO7UZKxddJqb+ej1w+xOry+h2QWDy9XTeDqQbnkSbk0JIunlz1Bm9Wp6OwwY3lpHvbmSdg2TVIzf63u0qlldRyNsclkDEpHPzgTwyDp02Sp/kzBIOnRyBC3DG2bKB9k5IVtz2k/U6es1SsrHGrDyYKvGG4V3duc/DFm9l4t7jrJ5BQ8xlMrluB8w4jj9VIcr5f1zRvlXTiVaMoVLsEtGW9kxbxXX36OQ1+f4ovjF/ji+DmOHT/LF9+e4GI7mG1WLBZr18iHXzK/A1arGn1qtXdy/NhxmibM6yEZGW1SkhmsJ//eFAoD0mgqW0lru3yei04r2N56FPvmSeo6Jk0wU7A1TcbelMAbJUlk359F7uBMJRq9Ek22QjKbIpGMWuwqjyV5C7DYrJjdkpGZycLtlYw2mvRHFozEXSmZfyxbguN1A47XSrG/XtYLX8l0ZzNu0ewq0/DOaHYX07angrYDy7G+tQSLG/N7VXT8/F9abDbMXVPe/YL5fZDX2UmbzapGd7alL2X50EqWi2i6JFNM9eBcJZn8finMT23gzJlLWCyyZAjYv3wH6/ap7kxmikIyGfvGyVxcOZ78B41uyWShH5TVJRnTwGzyB2ZTPFAuOzBREVlEu7lTLcvwe0nG8j/YDfJm4q6UzD9/tWR6ZjMiHJfMp/HKZBy7K3HtLoFdMmNYRp002GvA9vl22swuOs0ynO17Ivi5nXj2jm61WHhx9mOsCqzuLRmZWNcvXY0yVUYU8MWRr7FaXJjNTiznzmJ9NAO7l2SkbLJvlMl543h4ahI5ASKYHPSDsjEqyWRiGphJ3kBpBudSNDAX/cA0zp48q3oyZrmI8zZLRsokGa7+o2cxEnedZLILHuOZpUtwXkMyNyQaNWnPSzS7JMOpwLW7XDWHbXtLlGScewvgQKma7i6/fG2WqkX1C3xPCD+3HikZ5HWXOSkf/nM/q4JruiSjhrGHFlElIgjIpDAgk/wBaex7fh8WswubWabwg+WZapXJ2JrliuwpWDZNwdI8BXvTFE6viCPz/0tHP0ivJGMYkIlhQAamgUKWEo1kNPp+qXz29hHMFgvmThvmTnuXaHwFcSv4I12bdL24KyXzbA/JlPcSjIY8rn2st2h6ykYTTk/JCEoyewpw7TViOfOFumalw2p1S8aCWejjxPDTE/mr3IXXTF/f5/WFRzLC6RM/0zi4WJVMS4dVdktmQA7F/TMoDMhQ2cwK02I6OmyqUd9uBcvbf8fePLYrk7E0T6Zz02QsTVPhobEUxFWSE5CrMpqc/unoA9IwDEjHNKBbMiX3GXl6w1N0eiTjVTL5CuK3oFa7u0PKJE/c9ZJxvFbeJ/bXK9yU4/BwNdGouTYiHA3H7jLsMty9W67sLsK5pwjrsedok/6A1dGFulDu12B1qtXv5Y3fbummw3p1pHlptoDFjdX8OyLfrwcuhcUM5k43ctvz88kJrXC5cWKxOLXny/+n3UKno51OWWnObqbDLF/L5l6HRSuLzDZtHyG1Ep1n7RU3nZ2trIufxZLgapYGVqvZv/OHFlIZkElJQDrFA9IoDcigcFA6337+IzZLB5dt0Hb6RxzN41Qmo9iUqGYBy/wZ578X8Pcnnyftr2lk9c8gs38a2QFp6AdkqKxGiWZANkX35bEibyWdnWY6vXaD9Jbgb0Vt0qaWcLhzBCNx90rmNSOOV8twvFqB49XyXnRLxkc23qLxKp8cIhcvlGRkjs1uWbNGNoybhv2DlTgPr75pXB+txvXxSlwfr8D18TJcnyxVcFWW4TqyDOeny3B8ugz7Z9fG8d/lOBUrfhufa7iOLsd1dBmuo0vdLMH1+UKcn83EcWQazk9q4JNa+HgafFIPn9S5qdU4Ug1HanB+Ng3nf8vh00LmLm0gz7iGvLyl1JYt47/bFsKL9fB8DTwnxxnwfAM8NwOek+NMjednYn+xgZ2ZJawbUceqwAqWjChlnqyU1z+dkgGpCimbCgJSWTYlG16Yg/Vfc7A+PwPHZrmGSS6WFMlMxrp5MmyayulTX/Plsc/IeSCH9AHppPdPJUOJJp3cgAyMAZkYA3IwDTBRE1lH65UW1ZtrV5Pybt3EPDUf5g4UjMTdJ5nCx3i2sRHna/luwfQtGdtrGnZFX6LxmU/jIxkN9xXeSjRSShWCNIP33SSyuZxCbl+HA8VwsBjeLMH5dgmOd0qwvVuC/Z0SrO+6ea/7aHuvVONQGfZD5T15v+yGcXxQjuODCpwfVuI6XIHrI6EcFKXwUTF8kAPvpcBbiXBgAuybgGuvMB7X3nG49o1xkwD74mDvWGwHxnH6lUgS4uqIjqpGF1XBZF0lbzVk0bkjh5aHs7DsMGDbYaBjawbtW9Np35pC+7Yk2rdNoUORyPF5qay9fzorh1V3SaayfxplASKZFEoGSEYjuxaUc2JVLI4tsszDRHU1tsMtGbnNhil0HHgU65UOfjn7PdOT6kkLSCOtf6oSjZbRpKMfkIlxQBaGABN59xdz+oeTdNxSyUhJ6BHMH++6pBuJu1cyrxbieLXy6pJ5tULDRzS9G8I3IBmZMaxmC1fgkGUiFBXqSu6+kGUk+sJ5oAynWmO4COfBQpwHC3AezMf1ZgGuN+XYjVOOb+XheDsPxzv5CrvwrobjPQ2nogDXIaEQ16FieL8nrveLFM4PfCnE+UEBzg/ycH6Qr3AJHxbgOizk4zqc5yYf10f5cDgPPsiDQ3p4Lw3emYDjzRhsB3XYD8ZgPRCDdX80nXuiaX1Dx8WXIzj3bDxvbx9PeUo+4aGVRISVEB5WwtjoGvbPSufyE0badmTSsXUq5s2JbiZj3jwF86apmDclYdmUhL05ldaN8WwMrmVlYI2SjJRLVf3T3ZJJpXhACoUDUjAOSuH5TCmLJuBsnqJJpmmiEo1DGr/Pz6P1/Ekumju50HqBrQu2kTYgneSAFFICUkkPSCMrIJ2cARnkDshEH2CkYGgpn755hA6LRZVJWqn02yTTtSD4HSoYibtYMkU4XqnuJZduyVR20yObEdH0HHVS9BKMB6/LE3aXY99TgX1POXa1XERZH8jCWH2jSUbb+0mjBOfBYlxvluB6s6gnbxXhlL2+3/bhnUIcbxfgfDsf1zsFCt4thPeK3BSDiKYHpXCoDNehci/KcImAlFiMuD40uNHj+jAX1+FsXIezcBzOxPJBNm3v6rn0lonT+4v49tVyPn2hmrf/Vssr2+r42+p61s+axuzyMmoKKjBlVZAytYwJE8oZO7aS1DElTIypImJ0LZHhZW7KGRtTw/6ZKbRsScPcnIR5k0jFPfojjVmFNhKkRoM2Jal1ex+Lr2BFSCVLg8tYOKKI2gGZlPeXfkwaxQNSKZAta/snM3fkeNo3yAWSKTibE3FsHI9r/TiszzbQcfZnWsxWrpgtahmHl596neyhepL6p5AUkEJqQCoZbtFkB2SQE6Anf2gJO/+2UzV/b9U8GTWjV4aqfU+COyjucsnU9pJLn5J5tbLPbMbpRW+59CUZGXWqUJci2Pd2S8WX3vs9abhEML4cFMGU4npTZNOTPiXzdiEOJSD5eEnX0fW2lFVF2N8pwPFuPs5383C9l4/rUD7OQyZsh4xY3jPQ8a6By2+ZOLO3gJ92FvHFv0t5/x+V7NxRxzMbZ7N92QJWz2tkTt1qais2UFS4iVz9VtKzHyYpfQeTU3eQlLGFtJxmMvTNZOmb0ec2kZO5lsmTFxATW01oRAGhUXlE6PKIiCokKrIcXUQluvBKJRcP46Kr2d+QjKUp2S2Wq+CZRLdJjlN5IzeX5UHVLA8qY/GIYupli5MuyaRpkumXRP2wRL6ZG4d1czJ2tT3KZMwvNXLJCi12Fy02Fy0WO5fNnXzw9seYQvKZEpDM1IAUkgekkjYgjYwB6WQFZJHdPwfj4Hz+tuwpOlTz97dKRkanrP/zLWZvRdyFknmUpxuX4nylAscrVV59mZ7YRSw9qMDxmghGOzpf74ljZ194l0yl2AU18qSNPtmlISzsrsAuWY77Km/X3hJce4tx7S1yH9239xepyxfkqG57jm+Z4E0DvGnEddCI86AJx0ET9oN5dB4ooHVvERd3lXLmtQp+fqmC718s58t/lfHp8xV8+Ewl7zxVxcHHq9i1o44XN83jmQ3zeGzlIpoXLmH5zEYW1C1levlqqorXUZy/EZNhE9nZW0lJ30aqCCOrmfTsJjKym8jM2UhW7gay9evI1q8lO7cP9KvJ1q8kR7+CnNwV5OauRJ+7ipycVWRmrWBK0mLix80mMmY6YZG1hIZWEDq6gvDQMqJCS9GFlRAdVkJCXA2HFyXh2DxVTZCzeOjKYryQOS6b5OLGZD6bls7q4FpWBFewLLCMOQ/kURbgLZlU8vonUzQohf0VE+ncPAXb3/Ixf/gCLa2y77RDCaZVNru32rnS2cnpU2cxheYzqV+SkoxkM1I2iWjSAzLJDMghs38O6ys30NLa/pskIyWSZDCyveydLhiJu08yBY/z6JLFOF6ZhuOVShyvVGDvA61f0xMRje31CmxvlPfCvrOsTxw7S3DuLO6FS3ijGN4o6WZnMewqhD0m2KuHPbmwx9CFY1c+Ha8VcumlUn55oYLjT9dy9Kk63nu0nt3bZvDixtn8fdUCHlm6kK2LFrFu9mJWNqykcfpaFtStZ07tWqZXr6ambDWVRWspy99AYV4zetMmMk2bSDU0k6ZvIl3fRIZ+g5JFbu46cnPXoM8R1vYgN3ctOTnryM710C2SnNzVXYhUvO93s0pJRmMl2TmrusjMXklaxnKSkheTmDiXceNnMSahnpioWqIjJaupoCK5iNbmBMybJ2Jukh0FkrA0eUolkY0Pmydh2ZzIiXmZbAmtYnVwFauDKlkRWE7dkFwlGaEoIJV8VTJN5cUyPRcPPkbHqW/VrGFp1rbKujDuE16W02zpNNPRYqU+ZzZT+yV3ZTMpA1JJkWZwQDrpA7JI65/FgpxFnD978aYlo7Z8scp2JnfGbN4bibtOMrkFT7B5yRpsrxuw/qcG20vl2F7u5lqSEZyvVvfC8Vqlav7ad5Zg31XUhXNnPuwywq4c2JUFu7NhV6bGzmysrxhp/U8ZZ/9Vy/dP13LkkSr2b6zi+dVL2LFkBWtnr2P+tCbqKzZTXrwdo/FhcvWPkZUjPK5um4yPkGfchsm4FaNxGwbDNoyGrRj0W9HrN5Nr2Ei2fj1ZhrXkGFeTY1xJjmG1Issoj60nxyAy2UhuThP67A3oszdizNmIIUeO6zDmrMWQ2xt9L8l0yyYnd00fUrkW3YLxJStnJTnZy8jNbkSfuQhj5gIWVjViXRONsykec7Os8SKT49z4ysVLMnKh49llqTwRV8raoKoupHSqHJjZJRqRjOHeSTwxdynn2i7R1mnukoyGRxAiGQsdnXY2rXlYZSyTPSWTIpXU/m7JDMiifkIDP37zy01J5k5YtuFm4q6TjL5oK9PLHub8S6nY/l2B/T+l2F8qUTheKsb5cjHOV0pwyhyaV8qwvVyG5aUyOv9TTue/S2n/VxEtzxdy6dlizv2zlNNPV3Di6Rq+/Uctx56q45MnpvPO9pns2jiX/6yez5ONi9k0bxkrGlYyp3YdlRVNmIq3kFnwEBl5D5NufJg0w6OkGh4j3fg4WcbHyc3bjN7UjcG0CYOpCYNpAwbTevdRw2hsIs/QTJ5hUxcmvYdmDMb1GIzr0AumtV7IYxswGDdiNGwkT9+MKbdJk4tkMPq15LiR25K16HPXddMrk1nfQzQ5ufLx1V0okYg0sleRlbWSzMwVZGQuJyNjmSI9fSlpaUtJTWskJXUJSUmLmDxlPhMT5zJm3Czix8wkPr6e2Ng64mOnkZpYz5xME08UG9lXa+CTJYl8vnQy36xI4uc1k7m0fhIdTRNVo9e2abzqqdg2T8CyaSJt6xJ5fnJeD8msCapicWAJFQMztLJJSqZ7k2guXsXlM2eVYFosksH4Ssaq9ruWDdyOfPwluv+TwJR+KVrJ1D9ZNYKT+6WSGpChJFMUWsqxj7751ZJRC0/9wZdsuNm4yyTzEMbC7eQWPMra2Sv58KF6jj9Ww5ePTOPI9hm8v3kOb26cz94NC3ll7RKeXbGEJ5csZsfCxWyd10jTnGWsmL6CBdPW0FC9geqKTZSXPURByQ6MRQ+TW7CDrLwdZJoeJt20g0zjo+SYtipJmIybMZl8MG7C6CFvs0KeK+IwGDa6acJgbEKvZKEJQzuKIDao55gMG5RQetKk5KE9r/vzRCzytbSvp30No8HDRgz6DeiVZEQUGnJbK5vWK6kosWSvVWRlrSMjYw1pqatISVlGcvJSkpIaSUpazNSpIooFJCbOZ+KkeYwfP5uxY0UW04mJmYZOV01UVCURkRWER5QTGlrGqFEljBxZTEhIkSI4uJCQkGJGjS4lNKyc8PBKIiKqiIqqIUJXx2jdDIJ1s4iKrGds7HRSx9ZTnFTKjIwilusLeKTYyH9qc3hvdhrfLJnCmbVT6diRy87SGjYEVbPaSzRSOs0Zmk/5gHRNNP1SWJ27SJOM1UqLxUarWcNbAG3yWIeNK21WxgxLZMo9KUzun8xUoZ9GUv9UUgakk/2ggY8PfnbDklF7e9sc2B13p2Ak7gLJ1HtJZjumwocxFe4gv+gRyksforrkUSqKH6G0eAfFRQ9TULidfCH/IfLzt/Ykbyt5eVuVDPT5GrkFW8gp2KzIzd+q0OdvUxjyt2HM2+ojFk0uPQRzTcn4IHLwecwkXE0y10G+l/p+Ih8RS846srLWkJG+mtTUlSQnLWfqlKVMTlzCxAkLGT9uAWPGzCU+fjaxsTOJiZ5BtK4eXVQdkZHTiIioJTy8mrCwSkaPLlXCEFEEBRUQKATmMyIwjxEj8nrc9ma4MNzEsGFGhg4zqqNiuEk9LqjnBhYwIqiIoJBSRo8qJ3x0FbqwaqIi6wiPrCUiqppoXZUa6k6MrWNc7DSix9WRkLGQyinz2RCo9WW8MxppBNcOzlaSkWbw0rTZXDx1+pqSkT2PRDJy6cLyuetI/EsSk/snMVWawF2kkhyQro47X9h3Q5JRi3+r5q6Lu9QvKu5YyXTvVjC9h2Ty3JIxFTyiHjMVNmMqbMJUuAlTwdYeGHuwBWO+hqFgC3ovPKLJdYtH75aFwbgJg6G5T4xGoVsyWkmkoZ30IhSRjRslA3dm4iUJvX4jRr2UOE0Ycjeiz/GwQcs4staQmbmajIxVpKevJDV1OZMnL2L8uLmMGzeHMWNmERc3g+joOnS6aURG1hERUUd4+DTCw4RaRVhoDaNGVjIypILgoDICA0sZMaKY4cMLGT48n+HD8nojQvBI47p0C8SDRzJ9MWy41/2hJh4cZuLBofk8MCyf+0fkMSS4gAeDSwgaWcro0eWEh1YQFVZFRMQ0oiNqyRpVxroRlaxyS2ZdUDXrgqtV2TTvwUKKA9IoCUhj7sRpfHP0W06cucDJC1c439LGpY5OVSJpE+lstJvttHbaaO208v23PzOm/0Sm9E9myr1TmdIvSTG1n5RPqUy+J5mntj6jlmCVK/OvJhlVHt3F2Yt33LmSOXWWYUPySYiZQZ5pC3n5D5GX/zAmocDDQxjzt3bJw1iwufv2VTC4JeMhN2+Tm83qKIJRkhHy5SjiaMaY1xutzyJH7bZelUUbydFvUH2NzOy1ZGStJSNzLemZq0nLWEVK2gqSU5YxNbmRyVMXMylxEZMmLmL8+PmMHTOH+LiZxMY0EB09nSjJLiKqiYioJjy8SmUXggwJy4k3alQZI0eWEhJSQnBwKUGBRYwYUeCm0I3nvod8TSrXopdAbgCRym9AiWaokQeGaQwdalT3Bbk9dKheSUsyoKDgAnSBBlaFaL2Y9UHVrA/WWBtUzdLhZZQMSFPkDDGgi65jzITpGPOWMnv+w6xa9w+eeGoXr7zxPvve/JgjR4/z/S9nOXulnQtXrFSlzmT8PYkk9ksi8V5BhJOikExmRf06NQStSaY7K1LLZcrOFjYnVodL7R/2Z4g7UjISl6+0ED6qlPjoBkzGZvLytyvJeGPKF8lsc4vm12PI29rdoM3bgkGQx90fyzVtItfYpEkjZz2ZWWtJz1hDStoqklJWMGXqUiYlLmbCxIWMn7CAcRMWMHbcPBKkHEmYTWz8LGJiG4iOnYEuZjqROq0MCAuvZnRYFaNCKxk5uoJRoyoYObKckOAygoNKCQoqISiwWDsGFWu3A4sJDCwicIQbJZRCRgx3M8IjGClhroGvHG4VKnMR8m4cb8kosRh40I3c9qWr7JLnBubSOKpS9WU2KsnUsD6khnXBNawaUUXFwEwlmdwhBkaLmCPLiIiQErCc4GC5rKGGmOjpJCTMJjlZelGNpGcso67hUUrTl5Lw1yQm3ZOiBCNMVqJJViVTxZQatVRFu0/ZJYKxOMDh0vZ0v7vGkK4ed6xknLhoXPQsMREzVDNTy2R60i2ZG0eTxxZyDJvIym0iLXMdyWmrmZy8nImTGxk/aTFjxi8gNmEO0XGziI6dqREzuwtd9CxFlG4mEZEzCAuvJzR0GiNH1RAysprg4GoCg6oYEVjOiKASRgQVX5NAJZBityh+CzcoGa+T+9eVRNdASaYPkVwLr59DZShBBVqjeGSR6gWNGl2imslh4RVKEBGRlURGSbO5mpDocuaOrmBL8DSaRDBuychxbVANVYOzujIZkczoqFLCo8q8qCA8qpzwqFLCIosJiywhNKKYqOgKxo4uZlz/bsH0lEwaOSFGvvj2Wy60tNNmc9Bhd9Jhc2K2O7G5tEzcw58h7ljJyC6SNoeNxQseIy25kRyZ+2GQ5usWdczNbSI7eyNZ2RvJyFpPesY6UtPWkJy6iqTklSQmrWDi5GWMnbiE+LEijXnExM8lOm4OUTGziIye2YOI6BmERdUTFllHaMQ0RoXVEDK6huCRlQSHVBAUXEFgkEij3H0sY0RgSd/0IRJheGBRn/SWxc1yg5Lx6Z90NW2vken4NncFafyq5q+6r5VjUm7JMTCwUBEcLCNNMuJUqso7KfWk5JMSMDKy5qYJi64hOWwajwTWqQsmlWB6SSadzAfyVOYYqtM+RwjVVRMaVc3oqCpGR9VoyNeMrFEyix5dTuxwE5P6pTDpHslokki8J0lJRph6TzojhpcTGTWXCYkLKK3YgBWwyT7u8s51/Tl6MZ64oyXjxMmnn33L2PgZjImfxdiEOapvMUZImE1CwlzihPi5xMbNUcTEzlZEx84mNm4usfHziBGxRM8iIrKB0eH1hIyuJTCkyodKhgeVKYYFlrpve2RS2sVwL5l43/YVSl/4yuX2SOZq+JRLXc1ZLasYPrwbb4FIdhEUXEiwe0hahqhDQ2W4WhBhaISHSd9I+kcigVqiIqdpRMlQtzSlfYjSPibPvRkidLXEhE/j8RH1SjIbgmsU64NrWRNYTdUgWcgqg7ShhUSF1xMR1dBFZFQDUdEz1XvCg8pMo2dqWapuJjoZUh+QwcS/TlV4JCON36l/SUMXPYeY+MXEjZtDctoiJRm7kowIRlTzZymW7nDJyC/qs8++JT6mFl1kLTp5A6s3sYY0RqNk+DV6OtExM1T/I1Yap3EziYmVfohGbJwIR0MXO7srk4nQNRAaMZ1RYdNU1hI0sooRwRVKLsMCRTZlDPfIZURJT5RcPPK5zZIZ3sdjfeIrFh+8xCFliYjDk11IY1mazNpr2zvLkHktOl2tGxGHL9owuPxO1O3r4X6uL5FeRERNuwZ1jIyo55HAepqUZKo1yYTUsjKomqqBWZQFZJE2vBhdVD2RulmE6+YQHj2HyOi56GLmER07vwe6uAVExy9CFzsPXex84kcUMf4vyYz/iyaaifdqJP4lFV3ULGISlhA7djapGY1Y3JKRP4x+ydxBIb+oL7/6jrFxlUTJVbyRVegiq9FF1ijkpJDJXZJ+h0sK7j5R1IkQM101XJV04kU8IiDBIx0t89GyH+m/zOkSULhuBqER9YwMrVXiUVlOcLmSjwdNQiUMD5KspzvTuRa+chk+Qjt6mrm+0uhq8qpGr9a38TSEg4XgUkKEkDLFyBCZDOfJMLpLkqioWndGUU+0bjrRMjdGMZ2YKLmeqC/qiIma1ovoqDqiI/smJkq+3gyiI6cr5PbVUM+JcstGV6ea4t2IFOqJkhE2N7oYaZ57aCAyZjZBY+YzP2w6zSE1NIdUszGkmnUhNSx8sIiqgGy1Ods4WSArdjpRsbMJj59HqJsoEYkSjZs4yXjnExO3kOi4JUTHLWOMroHxQ/TE/nUyY/46ibH3JDL2nkmM+8tkdGGVjJMRwUkzeWn3u6pUUoKRgskvmTsn5Bd1/uJFaqvXEjqyhLBRpdqSATJjVIQSLnKRVN2L8ArVKNSoJDyikvDIKiKiaoiUk60r82nQMh23dKSkiomb60Zua0jZJfLxZD7hUTMIi5zO6PA6RobVEjK6mqCRlQQFS2nlLZWefRrJfoaNKFIMl/kp0ugNLCEwqFSThVsUShYjyxk1UoapZbi6ShEeLv0CKRWkzHBnDOok1TIDJQ8lkPqrIB+TofEGonWz3MwkOkpO9t7Iyd83nufU90Hvr6O+VqSG7+Py8+qiu+URJcQ1oIubiS6+J9Hxs4hOcBM/2y2FBVRENLAlpJpNwdU0hVSzJriSWYMMVN2bQengPBKiFxCZIBnKAqITFhI1ZiHRYxYSG7+ImNhFROoWEBo2j1Gj5xIeMZ+4hKWMHb+ciYkrSUtZQFHKbCYMTye23wQS7plIwj0TGNtvHJmJZTz77H7eev8o7Q5VJHULxi+ZOyfkF+XAwS+nL/Da64fYsOFZsjPnkRBbzcgRpQQNKyZC/mKHVXQholGCCSvX8AhH9Q4qCZUmYHgNYeHTCIuYRniEpObTidLNQCcnYIy71PIqsbSGsaD9xdNwN5FjZxIVI/X9DCKi6tXXGx1Ww8jRVQSPrCBEJsCNrmJ0aI0iNLxWPSciUvoE9ep7iyhk1q0MqaoZuOooU/dnqDJQnYhuQcjt7kykN9pze6PJZaYbj2RkhKzhKshr0hvt55h5XXSK2UR7iJlDTB+oDDJemO3Gc9/DXHTx87ruRyfI/bno4uYzPnY+Bt1sdgRXszmkRolmxfBSpvfPprpfJkUD8wkMmsMDwQ2Ehs9jzJilTJwokxlXkqvfQMOsx1m36UWefHYXz79ygJ0HD/HeJ59z+OjXfPrV92ov9FPfXWLNzI3EBYxTgom/ZzzjBozHmFKAzeHCqtTiLpG88UvmzgqtO6P+TmB3OTE7bJy9dIG33vuQNev+icHQSGxMBSOG6YmKrCQupk4JJ2x0GRFh5W4RaYSFyZT53oSG1WooCUxTElDykRM0Rno7ktWIXBaov6AqrY5doLIcndfwdl9D3d2PyVB4b2KugufjcmLfKCLLPomRj7t/Ht1shUhAGphRfeD7/yJor4Em25heSKmhvTa6eB/iFhEd20hM7FJiY9zELiEmbpH2efFzNZGLPBJmKdlEicDjpE+ymJj4pcTErSUuYT3xY1cTP2Y54RGLCX5wEbGB89kRXM+WkbVKNHPvN1HbL4PagVls0C/ko48/4/iJnzl94RKX2jvpcE+Wk9m9bVbZR0t2RHBoSz/ILqE2OxaHA6vLgdVuw+WEyydbmRqawph7tUxmXP/J5ATl02GzqTkxMpok70+ZfCejSh7+LHFXScYjGg92nNhxYEPeJGZ+/OU0+w6+z/aHn2H+gkcwGZeiz21k4viZah2TUcFljAqpIEJKj/AabUTEjSaa3sjwZ0R4rZrOHhkhIyZSoshfdBHAXKJjFqBTx75PzJ6IcHrjKxdvyehUptTQC1+5aLizql40qIxLCVEx143W4IyKXdATdXLPJzp+ng/a41Fx8pxudCLbLvkuUCIWuUTHL1QjMDHxmmCio5cRGd5IeOgSIsIWERe/hDHjFzNhUiOTk1aRlikXfmqTImUSZGHpNmbM/QfL1rzE+s1vsPXR3Tz38nvseeczPvniW74/8QtHvzzBk+PmsHVULUuHlVI3IIeq/pk09M9m1xP/pr3DQnuHbF8ia/LKcpceHO7dKR3qtizBYHNK3qzlIKIIh8upHpP7h/YfZuz9k9yimcTY/3cqbZZ29RzPe9MvmTs4vCXTE/knb4Ju1D+XHavTSUuHmZ9OnufwR8fZvecIjz++i2XLnybPtIqxCQ2MDiknaEQRYdLzUEOwNRpKOjKN3xut7AoPlyuJywmPqCAysopI1VCVksQn4xARyOUBSiS+svHJEKJn9UIrOXrLRQlGCai3rORr6WKlge2L9DAErTzRSj3JHEQkIoPFbhZqoysKEYcmlS5UZiLP0Z4fk7CY6ITFxMr9mEWMDl1A0PD5hIbOVz2P8ROWMylxBakZaygu28Ls+U+yYvVzbNr6Co/9bTcvvvYBr+09wt53jvLO4a/5+NgJvjpxjh/PXuGXSy2ca2/nktXMZZuVFruNVrtV0WKTJRss0Ori9LlWXshfx5qgCuoG66kLyKZsQCaz//8MvjzxtZKLSEWuNVJycV/YKGKRxyx2B3anRxQ9J9IJIg7Bbnfx1JZ/EDdgHGPvmUzs/zORi1cu4uj6XL9k7srwfUP0eHO4Zw17pncLkvlYnDbarJ1cMbfz85kL7H/7E1atfYz0tIVER9Xy4H15jAwuJjZGrgauVBfmaf0eKbuk/PIivFRbrzaiyj1/o141Z2WuSNfIjoy8XEU23TOHZ6jSTFB9HbnIsatc00ZZPH0ZT/mlzQea2wMpZbpl0BNV0rjLEk+JI2WPGlFz90KkMaqGZcc0EpewjPiE1cTEriI0bCkjRszhwQcbCBk1l/hxy0lMWkdyxjrySx9m0bJXefIfb/PGvnd4/8gxvvz+JCfOXOL0pXbOXG5X1wSdb23nQkcblzs7aDHLAlJWWmRVOjetNptaCrPFjSyN2WZxY9VWsGuTFe2sVvW5bZ0iDwcXWsw8PWMLcwbpKR+cRc3AbGoDcpgXU8RFZ6u6wrobbfq/2WLHLtcWOW9MBOILp8NJZ0s765Y1YopNYteafLDbZGLMn26Gr2/c1ZKR8JXLtdDKLSmxvP9JsSX/ddJmsfHDL+fZe+AT1qx7lorK9SROmsH4cdOZMH46cTG1Sjqho7Rej7YgdoWSjHYRo2RCMhLkHtVyI7NINeFoc1DkuZ6LHq+Geo6Iyz2s62m6eiQTGzuX2Nj5GnEa2vDrIoX0QSJjFhKhW0B4pNY/iktYzJhxjUxMlHV4V5OctpbJSSsZN3Gpeiw1cx1lVY8xc97TLFz2TzY+9BLPvPQ2+9//nCPffMc3p37hZMt5zptbuWzroMVpps1ppdVhpc0uSyXYaZedNRV2Wr2WVugTJZOrI32SHrglo4TjLn9aO+z8u/EJZg1Mo2ZwOpVDMqnrl8lTDz9Ci9WiFqOSsshskxnkrq7rin5VyJtHdiyxubC0dmB5twBeDeT08a/ptGk7Dfgl4w8VnlnEIpVu5J+IR5tMJdiQUQMnFpeDS+0dHD9xhv1vfcYzzx1k/YbnmdGwTZVcE8bNJEZXw8jgIjU3RYaXRSayKFOXZFSJJYs6yX3P0XPb+35PKSnJyLC7ThNNt2RkdGgO4eHzCA6ey6hR84iJXsCE8XI1dyOJU5eTbVhPafVW6mc/wpzFT7Bo+dNs2v4qj/99P//813v8+7XD7H7zKO9/+gNHvzvD96cvcepyG+fbO7ksy1HKAtt2J212J+02J202LZNQ28l2bbkrTVNvtAZqF+7FoK6Jr0Suh0cy6r62VIN8r3dfPsji0Eoa7sln2uAClsdUcfTkV2rDNFmNzu7slstNycAjGTuc+fEi+zbPg9dHsW9zKUePnfdLxveBP3t4Ojm+/+Q91Bst8/Hct+PC4nTSZrZw5kILx384zefHvue1ne+wYuXTpKctIiG+jhHDjYwKKVLzeNRcHpkcp1brlyF2T9lVQVRENVERMgW/nqjIGURGTCd01DSGDS3n/iEl6hgZMYMxY+YxceI80tIXUzNtK6vWPcUjT/2bf732NgcOHeWToz/w1Xen+OaHs3zz0zmOnzrPifMXOXnlMmfbWjjf2cZli5kWKTVUb8ONzUqrEojs0e3U9uW2uOhQR9mL27MPtYhDRCIntZUOq8ULuS+P97XJmWfzs77pJZHroUomDVk2U5r97TYLF1tb+fHHr/j2oZF890g6F49+gNNsw+GUPxWSv/bOan9VaGmwehP88M13JOofpfU/ozj2ZBz/fORVbVnNm/m6d0n4JeMTvq1jD70Fc+NYnS467HY6bA4ut5tV5rNr74csWbad3JylalvW4MBCoiNnMCq4mpGB1YSPqmNKYiP67PUUlS6nrqGJdc1P869X9/PO4U85evw4P545w7nWVq5YLKpn0Wa30ybNT5GDPCbr1prNXBGBmDXUbXnc6kFbnV8+p02+hg9S2vTKQq6JJpS+6C2Za9NLItdBlV8Kt2CsMiTdSUdrB5fPQ+uBNNg3BcvFY9jsUt2IZHoL5lfLQH2SpEIu7BYrC2e/SGpGEWdfjGTpDAPnLrTc3Ne9S8IvGZ/wlUs3vd+IN4r7j1wXquRyudR8CykbLl5p5+tvT/Lfoz/w5fGfOHHqPGcvtXG5XRaxdtKq9gBy0mJxqM3GrpgFG5c7+8LKlU6L2vlQEKF0n3xe2YFXo1SQOSB90Vsi16O3XG6vZOT/SWQo38NOpyypoJZVsPHdj7/w/Av7WLTkSfR5jcyuMbFjeTHHvz6CQ5a8FPr4fQm/Krp+0S6wOzjz80lix66nrsjI2vpU/vPSgZsvxe6C8EumV/i+3TR6P3LjeI9g+aKJx6X6AmqGqN2lThQpQ1rNdlo6HbTIUd2W7TkEq5os5kHuez52xXNUW6y6sWi0qL/wPf/ie/CVTpd8VK/lt6PJwFcQDtpkRKfHCI+GZ46KB7nvmb9ilglzsgCUTSbEObA6nGopS5u8hk6wOFy88+5RcjMXEq+rJmJ0FdGjpzPigQZGhc7i7Q+OuV91tfCC+h395nBnMsh2Jg4Hn3z4JQmxDUyKzmdy4kws9t6l2Z8l/JK5wfAVx+2i6/u551I4nPLH0YXN7sBms2G1WrFYLG7ktg2z2UqnzPfoWrxaW/qxvbN3M1VlCO7bIrGr4pX9/Fp6iaQPlDy6hOLsQuameGOxOrHIcpUy+iOLPjmcavN52ZtIZtt6zzexu9QAj+qJbdn8PHn6pRQYllFTuZaN6//O7j3v8uNPJ1UGKZ8lp7z3a/6boksyWgfZ5YD/vPAWYcHVDA4w8s33P7mnhXoy41v2nf/w4ZfMHRTeE7kEOdEEOekccvLZNewKRxc2dZJ2Y5EswOqgU5q27pO7x1wRs4jIQetN4CuSDndW4ovI0Cy4J8J5fiabTds9Uf3/OJw41XwVuoRyrYlsMkKkpCy9Ee9JcF3tfPdkTHdOcUtPdR/JSIra0Wbh0Yd3Mz5+Jgff+tg9WnnLv/MfPvySuYvCV0LduM8BpzbBzHMC2x1aliSzVVWWYBcJOZSIzFYXZqscbwaXmnciWYgIri+8JahkooR5bYlcL7rOcaebrvNea93LhYmaarrlc3PfqY/wTke96mHJwGRG+dnzV9yi0wq0W/Z974DwS+ZPHr5C8mRHTlnw+iboOsG7sg/f73j7wiPTvnH//ynheLfzb1FcRTJyV/pufY1i/VnCLxl/3NLwldaNcKuit1j+95KR+75y8UvGH/64U6OXWHpLpue/2xQ+JvGVy237vn/Q8EvGH/7wx20Nv2T84Q9/3NbwS8Yf/vDHbQ2/ZPzhD3/c1vBLxh/+8MdtDb9k/OEPf9zW8EvGH/7wx20Nv2T84Q9/3NbwS8Yf/vDHbQ2/ZPzhD3/c1vBLxh/+8MdtDb9k/OEPf9zW8EvGH/7wx20Nv2T84Q9/3NbwS8Yf/vDHbQ2/ZPzhD3/c1vBLxh/+8Mdtjf8LgS2LhRY9OAMAAAAASUVORK5CYII="></p><p><br></p><ol><li>Nomor Dokumen sudah auto generated</li><li>Tanggal Dokumen juga auto generated</li><li>Isi uraian dari dokumen yang dibuat</li><li>Isi nominal dari dokumen</li><li>Pilih Sumbe Dana dan Jenis Dokumen</li><li>Lampirkan File Dokumen dalam bentuk PDF dan maksimal 300kb</li></ol>	input_dokumen	1	t	2025-12-16 11:13:24.271046+00	2025-12-16 11:57:28.926441+00
\.


--
-- Data for Name: pptk; Type: TABLE DATA; Schema: public; Owner: dokumen_user
--

COPY public.pptk (id, nip, nama, unit_kerja_id, avatar_path, is_active, created_at, updated_at, jabatan) FROM stdin;
9d52f054-ecf5-4408-be3d-d00f746e05a1	PPTK-1c32edaa	IRFAN, S.Pt	a104364a-574b-4aa5-92f0-31847fbbc055	\N	t	2025-12-16 10:29:29.430843+00	2025-12-16 10:29:29.430843+00	
7cfbe45b-4a6b-4d72-9bbd-0ac634942c09	PPTK-11287309	ENDANG SUSANTI, SE	a104364a-574b-4aa5-92f0-31847fbbc055	\N	t	2025-12-16 10:29:29.436705+00	2025-12-16 10:29:29.436705+00	
02bc18d1-c245-4cfa-afe5-acd605ec083b	PPTK-91783977	I. NURFAIDAH, SE.,M.Si	a104364a-574b-4aa5-92f0-31847fbbc055	\N	t	2025-12-16 10:29:29.44079+00	2025-12-16 10:29:29.44079+00	
136dc565-4ce8-45aa-81d0-cfdf9db55060	PPTK-e0badd04	ROCKHFANI K. NGONGO, S.Sos	a104364a-574b-4aa5-92f0-31847fbbc055	\N	t	2025-12-16 10:29:29.444732+00	2025-12-16 10:29:29.444732+00	
ddabed4a-ae21-48a6-9499-fe902eff338b	PPTK-8ed43c7d	MOHAMAD FAKHRURRAZI, S.Ak	a104364a-574b-4aa5-92f0-31847fbbc055	\N	t	2025-12-16 10:29:29.448081+00	2025-12-16 10:29:29.448081+00	
56fa1be0-7f4d-4e39-aec4-87957e448b8f	PPTK-afcbe8df	RETNO PRATIWI, SSTP.,MAP	851e9911-da0e-4ec7-b3f2-f7d4595c966a	\N	t	2025-12-16 10:29:29.4509+00	2025-12-16 10:29:29.4509+00	
e978789f-04fa-4048-b86a-57e2e4f97d39	PPTK-34dab3eb	RAHMAD HIDAYAT, S.STP	851e9911-da0e-4ec7-b3f2-f7d4595c966a	\N	t	2025-12-16 10:29:29.453766+00	2025-12-16 10:29:29.453766+00	
fa616556-8ec9-477b-b52c-640639f3810d	PPTK-6ff1312b	IMTIZAL SYAHBAN, S.Tr.IP	851e9911-da0e-4ec7-b3f2-f7d4595c966a	\N	t	2025-12-16 10:29:29.456859+00	2025-12-16 10:29:29.456859+00	
29569647-9d8b-4792-a514-358021ebb250	PPTK-63ca87ed	REINA MIFTAHANI, S.Sn	851e9911-da0e-4ec7-b3f2-f7d4595c966a	\N	t	2025-12-16 10:29:29.460069+00	2025-12-16 10:29:29.460069+00	
e75c12c8-9fa7-4a26-a4c8-e27f16568a67	PPTK-3cfaabb1	BENI, S.AP	851e9911-da0e-4ec7-b3f2-f7d4595c966a	\N	t	2025-12-16 10:29:29.462706+00	2025-12-16 10:29:29.462706+00	
9c7e7df4-6b43-44c7-b0ad-8effb3791ec2	PPTK-bfedbb64	Hj. URIANI HASAN, S.Pd.,MSi	3eaebbab-9bf9-4cd1-a4b5-f4ddde7630d6	\N	t	2025-12-16 10:29:29.465312+00	2025-12-16 10:29:29.465312+00	
08786e79-3319-4cb6-b3ff-8cc96ad1bea6	PPTK-a9360138	MOHAMAD IRFAN, S.ST	3eaebbab-9bf9-4cd1-a4b5-f4ddde7630d6	\N	t	2025-12-16 10:29:29.467924+00	2025-12-16 10:29:29.467924+00	
7c5fa895-6220-4d8b-8d7f-e8c129eade53	PPTK-e9f62cf3	JUNAIDIN, SH., M.Si	3eaebbab-9bf9-4cd1-a4b5-f4ddde7630d6	\N	t	2025-12-16 10:29:29.471034+00	2025-12-16 10:29:29.471034+00	
aaec19a6-f4a8-4d00-99a7-20586939a5da	PPTK-668f9443	GUNAWAN, SE	3eaebbab-9bf9-4cd1-a4b5-f4ddde7630d6	\N	t	2025-12-16 10:29:29.473902+00	2025-12-16 10:29:29.473902+00	
25e195d7-70fc-4080-9929-638cbf826fe9	PPTK-6e718d36	ASRIA, SE.,MM	f8ce5c40-31c2-436f-a25d-4bb7030e4a7b	\N	t	2025-12-16 10:29:29.477574+00	2025-12-16 10:29:29.477574+00	
50e6f6f4-1170-429c-889c-5aa4b533120c	PPTK-5e2b554a	FAIZAH, SP.,MM	b6ef619d-89a5-44f0-9162-f73bf95606d8	\N	t	2025-12-16 10:29:29.480674+00	2025-12-16 10:29:29.480674+00	
1475ba3b-8c12-4bae-a6f3-71c82b80b863	PPTK-25ca594c	JORDAN YORRY MOULA,SH.M.Si.,AIFO-P	0b8cf5b1-4645-4a62-bef0-9bb7081459a2	\N	t	2025-12-16 10:29:29.4839+00	2025-12-16 10:29:29.4839+00	
f42b04f6-8682-4e8d-b11b-be75c0e8f5c7	PPTK-dd31f08c	INDRIYANI, SE	54cc6f9b-5adb-4c74-bdbf-a94de4ff6e1d	\N	t	2025-12-16 10:29:29.486415+00	2025-12-16 10:29:29.486415+00	
a2ebbb22-44b4-4e34-92f2-2f3de4504e7b	PPTK-03f1d2b1	ETTY BUDI SETIAWATY, S.Pi	0b3b217b-d1d3-4f9a-a560-f5ad157889d9	\N	t	2025-12-16 10:29:29.489197+00	2025-12-16 10:29:29.489197+00	
5c28fcaa-cebd-4901-a999-8d04c356cc29	PPTK-920170d0	HENDRAWAN BASO, SH	80b3fdd8-0e79-410e-bb58-2677eb32d6e0	\N	t	2025-12-16 10:29:29.492839+00	2025-12-16 10:29:29.492839+00	
dcdcf566-0f29-41de-8be9-816805855170	PPTK-b5c2698b	RUBLAN LIDAYA, S.Pd	9cdf30f0-d383-4079-a7a2-2a1edaf53550	\N	t	2025-12-16 10:29:29.496111+00	2025-12-16 10:29:29.496111+00	
96a87dd2-4e7b-490f-bec0-557edb260554	PPTK-6a8724de	RAMADHAN TAMBONG, S.Sos	3bad8cde-4ff8-4230-a1a3-194c471498ee	\N	t	2025-12-16 10:29:29.500209+00	2025-12-16 10:29:29.500209+00	
c5dba02d-07bf-4bee-b398-315e4424cb99	PPTK-331a9c43	RAPIAH, SE	76fed817-7d0d-4653-9a34-aa9cd70b773c	\N	t	2025-12-16 10:29:29.502625+00	2025-12-16 10:29:29.502625+00	
\.


--
-- Data for Name: schema_migrations; Type: TABLE DATA; Schema: public; Owner: dokumen_user
--

COPY public.schema_migrations (version, applied_at) FROM stdin;
000001_create_unit_kerja_table	2025-12-15 19:28:26.893085+00
000002_create_pptk_table	2025-12-15 19:28:26.92467+00
000003_create_sumber_dana_table	2025-12-15 19:28:26.94667+00
000004_create_jenis_dokumen_table	2025-12-15 19:28:26.966868+00
000005_create_users_table	2025-12-15 19:28:27.005287+00
000006_create_dokumen_table	2025-12-15 19:28:27.047649+00
000007_create_settings_table	2025-12-15 19:28:27.064826+00
000008_add_jabatan_to_pptk	2025-12-16 10:22:54.252173+00
000009_add_nomor_tanggal_to_dokumen	2025-12-16 10:48:50.271421+00
000010_create_petunjuk_table	2025-12-16 11:03:56.627436+00
000011_create_user_pptk_table	2025-12-16 12:06:43.44417+00
\.


--
-- Data for Name: settings; Type: TABLE DATA; Schema: public; Owner: dokumen_user
--

COPY public.settings (id, key, value, updated_at) FROM stdin;
\.


--
-- Data for Name: sumber_dana; Type: TABLE DATA; Schema: public; Owner: dokumen_user
--

COPY public.sumber_dana (id, kode, nama, is_active, created_at, updated_at) FROM stdin;
f9524083-8a21-48fc-9f54-b7936f14560b	DAU-EMARKED	Dana Alokasi Umum - Emarked	t	2025-12-16 10:30:30.697653+00	2025-12-16 10:30:30.697653+00
b4c50a03-8a83-4c3b-95a5-06b97496520c	DAU	Dana Alokasi Umum	t	2025-12-16 10:30:43.690128+00	2025-12-16 10:30:43.690128+00
eb4efd5d-9d8a-488d-8666-736e206e6db1	PAD	Pendapatan Asli Daerah	t	2025-12-16 10:31:07.320877+00	2025-12-16 10:31:07.320877+00
\.


--
-- Data for Name: unit_kerja; Type: TABLE DATA; Schema: public; Owner: dokumen_user
--

COPY public.unit_kerja (id, kode, nama, is_active, created_at, updated_at) FROM stdin;
a104364a-574b-4aa5-92f0-31847fbbc055	UK-001	Sekretariat	t	2025-12-16 09:53:58.557228+00	2025-12-16 09:53:58.557228+00
851e9911-da0e-4ec7-b3f2-f7d4595c966a	UK-002	Bidang SMA	t	2025-12-16 09:53:58.562295+00	2025-12-16 09:53:58.562295+00
3eaebbab-9bf9-4cd1-a4b5-f4ddde7630d6	UK-003	Bidang SMK	t	2025-12-16 09:53:58.566317+00	2025-12-16 09:53:58.566317+00
f8ce5c40-31c2-436f-a25d-4bb7030e4a7b	UK-004	Bidang PTK	t	2025-12-16 09:53:58.568909+00	2025-12-16 09:53:58.568909+00
b6ef619d-89a5-44f0-9162-f73bf95606d8	UK-005	Bidang PK-PLK	t	2025-12-16 09:53:58.571413+00	2025-12-16 09:53:58.571413+00
0b8cf5b1-4645-4a62-bef0-9bb7081459a2	UK-006	UPTD. BLPT	t	2025-12-16 09:53:58.573513+00	2025-12-16 09:53:58.573513+00
54cc6f9b-5adb-4c74-bdbf-a94de4ff6e1d	UK-007	Cabang Dinas Wilayah 1	t	2025-12-16 09:53:58.575388+00	2025-12-16 09:53:58.575388+00
0b3b217b-d1d3-4f9a-a560-f5ad157889d9	UK-008	Cabang Dinas Wilayah 2	t	2025-12-16 09:53:58.577412+00	2025-12-16 09:53:58.577412+00
80b3fdd8-0e79-410e-bb58-2677eb32d6e0	UK-009	Cabang Dinas Wilayah 3	t	2025-12-16 09:53:58.579413+00	2025-12-16 09:53:58.579413+00
9cdf30f0-d383-4079-a7a2-2a1edaf53550	UK-010	Cabang Dinas Wilayah 4	t	2025-12-16 09:53:58.582044+00	2025-12-16 09:53:58.582044+00
3bad8cde-4ff8-4230-a1a3-194c471498ee	UK-011	Cabang Dinas Wilayah 5	t	2025-12-16 09:53:58.58424+00	2025-12-16 09:53:58.58424+00
76fed817-7d0d-4653-9a34-aa9cd70b773c	UK-012	Cabang Dinas Wilayah 6	t	2025-12-16 09:53:58.586117+00	2025-12-16 09:53:58.586117+00
\.


--
-- Data for Name: user_pptk; Type: TABLE DATA; Schema: public; Owner: dokumen_user
--

COPY public.user_pptk (id, user_id, pptk_id, created_at) FROM stdin;
33011420-847e-4bff-83df-ab3e88e8fc5c	9c118cbb-c25c-42f7-9a9c-6a21cab9db11	136dc565-4ce8-45aa-81d0-cfdf9db55060	2025-12-16 12:16:43.546142+00
b6b0d162-11a7-457b-aabf-5a9083f55fc8	9c118cbb-c25c-42f7-9a9c-6a21cab9db11	9d52f054-ecf5-4408-be3d-d00f746e05a1	2025-12-16 12:16:43.550148+00
\.


--
-- Data for Name: users; Type: TABLE DATA; Schema: public; Owner: dokumen_user
--

COPY public.users (id, username, password, name, role, unit_kerja_id, pptk_id, avatar_path, is_active, created_at, updated_at) FROM stdin;
178daacc-af3c-4289-9cd5-1ae7cf373ddd	superadmin	$2a$10$EJPKf76G4yF4bURdRrLzU.rOvmpYnvbR6dI8O/s151VGuM6Fc8yZy	Super Administrator	super_admin	\N	\N	avatars/users/99fb8cc7-822e-44a9-849f-353fa76dfb0e.webp	t	2025-12-15 19:28:27.152648+00	2025-12-16 09:26:58.691867+00
9c118cbb-c25c-42f7-9a9c-6a21cab9db11	operator1	$2a$10$ImfjnGlazHt.nNafLJJdM.SGYz9u5TKm16Ck4xxEN39qetzhi/YHK	Operator Satu	operator	a104364a-574b-4aa5-92f0-31847fbbc055	9d52f054-ecf5-4408-be3d-d00f746e05a1	avatars/users/3bf9e139-fbd5-47f1-bbca-4090159ba53d.png	t	2025-12-16 07:56:32.194244+00	2025-12-16 12:16:43.539918+00
\.


--
-- Name: dokumen dokumen_pkey; Type: CONSTRAINT; Schema: public; Owner: dokumen_user
--

ALTER TABLE ONLY public.dokumen
    ADD CONSTRAINT dokumen_pkey PRIMARY KEY (id);


--
-- Name: jenis_dokumen jenis_dokumen_kode_key; Type: CONSTRAINT; Schema: public; Owner: dokumen_user
--

ALTER TABLE ONLY public.jenis_dokumen
    ADD CONSTRAINT jenis_dokumen_kode_key UNIQUE (kode);


--
-- Name: jenis_dokumen jenis_dokumen_pkey; Type: CONSTRAINT; Schema: public; Owner: dokumen_user
--

ALTER TABLE ONLY public.jenis_dokumen
    ADD CONSTRAINT jenis_dokumen_pkey PRIMARY KEY (id);


--
-- Name: petunjuk petunjuk_pkey; Type: CONSTRAINT; Schema: public; Owner: dokumen_user
--

ALTER TABLE ONLY public.petunjuk
    ADD CONSTRAINT petunjuk_pkey PRIMARY KEY (id);


--
-- Name: pptk pptk_nip_key; Type: CONSTRAINT; Schema: public; Owner: dokumen_user
--

ALTER TABLE ONLY public.pptk
    ADD CONSTRAINT pptk_nip_key UNIQUE (nip);


--
-- Name: pptk pptk_pkey; Type: CONSTRAINT; Schema: public; Owner: dokumen_user
--

ALTER TABLE ONLY public.pptk
    ADD CONSTRAINT pptk_pkey PRIMARY KEY (id);


--
-- Name: schema_migrations schema_migrations_pkey; Type: CONSTRAINT; Schema: public; Owner: dokumen_user
--

ALTER TABLE ONLY public.schema_migrations
    ADD CONSTRAINT schema_migrations_pkey PRIMARY KEY (version);


--
-- Name: settings settings_key_key; Type: CONSTRAINT; Schema: public; Owner: dokumen_user
--

ALTER TABLE ONLY public.settings
    ADD CONSTRAINT settings_key_key UNIQUE (key);


--
-- Name: settings settings_pkey; Type: CONSTRAINT; Schema: public; Owner: dokumen_user
--

ALTER TABLE ONLY public.settings
    ADD CONSTRAINT settings_pkey PRIMARY KEY (id);


--
-- Name: sumber_dana sumber_dana_kode_key; Type: CONSTRAINT; Schema: public; Owner: dokumen_user
--

ALTER TABLE ONLY public.sumber_dana
    ADD CONSTRAINT sumber_dana_kode_key UNIQUE (kode);


--
-- Name: sumber_dana sumber_dana_pkey; Type: CONSTRAINT; Schema: public; Owner: dokumen_user
--

ALTER TABLE ONLY public.sumber_dana
    ADD CONSTRAINT sumber_dana_pkey PRIMARY KEY (id);


--
-- Name: unit_kerja unit_kerja_kode_key; Type: CONSTRAINT; Schema: public; Owner: dokumen_user
--

ALTER TABLE ONLY public.unit_kerja
    ADD CONSTRAINT unit_kerja_kode_key UNIQUE (kode);


--
-- Name: unit_kerja unit_kerja_pkey; Type: CONSTRAINT; Schema: public; Owner: dokumen_user
--

ALTER TABLE ONLY public.unit_kerja
    ADD CONSTRAINT unit_kerja_pkey PRIMARY KEY (id);


--
-- Name: user_pptk user_pptk_pkey; Type: CONSTRAINT; Schema: public; Owner: dokumen_user
--

ALTER TABLE ONLY public.user_pptk
    ADD CONSTRAINT user_pptk_pkey PRIMARY KEY (id);


--
-- Name: user_pptk user_pptk_user_id_pptk_id_key; Type: CONSTRAINT; Schema: public; Owner: dokumen_user
--

ALTER TABLE ONLY public.user_pptk
    ADD CONSTRAINT user_pptk_user_id_pptk_id_key UNIQUE (user_id, pptk_id);


--
-- Name: users users_pkey; Type: CONSTRAINT; Schema: public; Owner: dokumen_user
--

ALTER TABLE ONLY public.users
    ADD CONSTRAINT users_pkey PRIMARY KEY (id);


--
-- Name: users users_username_key; Type: CONSTRAINT; Schema: public; Owner: dokumen_user
--

ALTER TABLE ONLY public.users
    ADD CONSTRAINT users_username_key UNIQUE (username);


--
-- Name: idx_dokumen_created_at; Type: INDEX; Schema: public; Owner: dokumen_user
--

CREATE INDEX idx_dokumen_created_at ON public.dokumen USING btree (created_at);


--
-- Name: idx_dokumen_created_by; Type: INDEX; Schema: public; Owner: dokumen_user
--

CREATE INDEX idx_dokumen_created_by ON public.dokumen USING btree (created_by);


--
-- Name: idx_dokumen_jenis_dokumen_id; Type: INDEX; Schema: public; Owner: dokumen_user
--

CREATE INDEX idx_dokumen_jenis_dokumen_id ON public.dokumen USING btree (jenis_dokumen_id);


--
-- Name: idx_dokumen_nomor_dokumen; Type: INDEX; Schema: public; Owner: dokumen_user
--

CREATE INDEX idx_dokumen_nomor_dokumen ON public.dokumen USING btree (nomor_dokumen);


--
-- Name: idx_dokumen_pptk_id; Type: INDEX; Schema: public; Owner: dokumen_user
--

CREATE INDEX idx_dokumen_pptk_id ON public.dokumen USING btree (pptk_id);


--
-- Name: idx_dokumen_sumber_dana_id; Type: INDEX; Schema: public; Owner: dokumen_user
--

CREATE INDEX idx_dokumen_sumber_dana_id ON public.dokumen USING btree (sumber_dana_id);


--
-- Name: idx_dokumen_tanggal_dokumen; Type: INDEX; Schema: public; Owner: dokumen_user
--

CREATE INDEX idx_dokumen_tanggal_dokumen ON public.dokumen USING btree (tanggal_dokumen);


--
-- Name: idx_dokumen_unit_kerja_id; Type: INDEX; Schema: public; Owner: dokumen_user
--

CREATE INDEX idx_dokumen_unit_kerja_id ON public.dokumen USING btree (unit_kerja_id);


--
-- Name: idx_jenis_dokumen_is_active; Type: INDEX; Schema: public; Owner: dokumen_user
--

CREATE INDEX idx_jenis_dokumen_is_active ON public.jenis_dokumen USING btree (is_active);


--
-- Name: idx_jenis_dokumen_kode; Type: INDEX; Schema: public; Owner: dokumen_user
--

CREATE INDEX idx_jenis_dokumen_kode ON public.jenis_dokumen USING btree (kode);


--
-- Name: idx_petunjuk_halaman; Type: INDEX; Schema: public; Owner: dokumen_user
--

CREATE INDEX idx_petunjuk_halaman ON public.petunjuk USING btree (halaman);


--
-- Name: idx_petunjuk_is_active; Type: INDEX; Schema: public; Owner: dokumen_user
--

CREATE INDEX idx_petunjuk_is_active ON public.petunjuk USING btree (is_active);


--
-- Name: idx_petunjuk_urutan; Type: INDEX; Schema: public; Owner: dokumen_user
--

CREATE INDEX idx_petunjuk_urutan ON public.petunjuk USING btree (urutan);


--
-- Name: idx_pptk_is_active; Type: INDEX; Schema: public; Owner: dokumen_user
--

CREATE INDEX idx_pptk_is_active ON public.pptk USING btree (is_active);


--
-- Name: idx_pptk_nip; Type: INDEX; Schema: public; Owner: dokumen_user
--

CREATE INDEX idx_pptk_nip ON public.pptk USING btree (nip);


--
-- Name: idx_pptk_unit_kerja_id; Type: INDEX; Schema: public; Owner: dokumen_user
--

CREATE INDEX idx_pptk_unit_kerja_id ON public.pptk USING btree (unit_kerja_id);


--
-- Name: idx_settings_key; Type: INDEX; Schema: public; Owner: dokumen_user
--

CREATE INDEX idx_settings_key ON public.settings USING btree (key);


--
-- Name: idx_sumber_dana_is_active; Type: INDEX; Schema: public; Owner: dokumen_user
--

CREATE INDEX idx_sumber_dana_is_active ON public.sumber_dana USING btree (is_active);


--
-- Name: idx_sumber_dana_kode; Type: INDEX; Schema: public; Owner: dokumen_user
--

CREATE INDEX idx_sumber_dana_kode ON public.sumber_dana USING btree (kode);


--
-- Name: idx_unit_kerja_is_active; Type: INDEX; Schema: public; Owner: dokumen_user
--

CREATE INDEX idx_unit_kerja_is_active ON public.unit_kerja USING btree (is_active);


--
-- Name: idx_unit_kerja_kode; Type: INDEX; Schema: public; Owner: dokumen_user
--

CREATE INDEX idx_unit_kerja_kode ON public.unit_kerja USING btree (kode);


--
-- Name: idx_user_pptk_pptk_id; Type: INDEX; Schema: public; Owner: dokumen_user
--

CREATE INDEX idx_user_pptk_pptk_id ON public.user_pptk USING btree (pptk_id);


--
-- Name: idx_user_pptk_user_id; Type: INDEX; Schema: public; Owner: dokumen_user
--

CREATE INDEX idx_user_pptk_user_id ON public.user_pptk USING btree (user_id);


--
-- Name: idx_users_is_active; Type: INDEX; Schema: public; Owner: dokumen_user
--

CREATE INDEX idx_users_is_active ON public.users USING btree (is_active);


--
-- Name: idx_users_pptk_id; Type: INDEX; Schema: public; Owner: dokumen_user
--

CREATE INDEX idx_users_pptk_id ON public.users USING btree (pptk_id);


--
-- Name: idx_users_role; Type: INDEX; Schema: public; Owner: dokumen_user
--

CREATE INDEX idx_users_role ON public.users USING btree (role);


--
-- Name: idx_users_unit_kerja_id; Type: INDEX; Schema: public; Owner: dokumen_user
--

CREATE INDEX idx_users_unit_kerja_id ON public.users USING btree (unit_kerja_id);


--
-- Name: idx_users_username; Type: INDEX; Schema: public; Owner: dokumen_user
--

CREATE INDEX idx_users_username ON public.users USING btree (username);


--
-- Name: dokumen dokumen_created_by_fkey; Type: FK CONSTRAINT; Schema: public; Owner: dokumen_user
--

ALTER TABLE ONLY public.dokumen
    ADD CONSTRAINT dokumen_created_by_fkey FOREIGN KEY (created_by) REFERENCES public.users(id) ON DELETE RESTRICT;


--
-- Name: dokumen dokumen_jenis_dokumen_id_fkey; Type: FK CONSTRAINT; Schema: public; Owner: dokumen_user
--

ALTER TABLE ONLY public.dokumen
    ADD CONSTRAINT dokumen_jenis_dokumen_id_fkey FOREIGN KEY (jenis_dokumen_id) REFERENCES public.jenis_dokumen(id) ON DELETE RESTRICT;


--
-- Name: dokumen dokumen_pptk_id_fkey; Type: FK CONSTRAINT; Schema: public; Owner: dokumen_user
--

ALTER TABLE ONLY public.dokumen
    ADD CONSTRAINT dokumen_pptk_id_fkey FOREIGN KEY (pptk_id) REFERENCES public.pptk(id) ON DELETE RESTRICT;


--
-- Name: dokumen dokumen_sumber_dana_id_fkey; Type: FK CONSTRAINT; Schema: public; Owner: dokumen_user
--

ALTER TABLE ONLY public.dokumen
    ADD CONSTRAINT dokumen_sumber_dana_id_fkey FOREIGN KEY (sumber_dana_id) REFERENCES public.sumber_dana(id) ON DELETE RESTRICT;


--
-- Name: dokumen dokumen_unit_kerja_id_fkey; Type: FK CONSTRAINT; Schema: public; Owner: dokumen_user
--

ALTER TABLE ONLY public.dokumen
    ADD CONSTRAINT dokumen_unit_kerja_id_fkey FOREIGN KEY (unit_kerja_id) REFERENCES public.unit_kerja(id) ON DELETE RESTRICT;


--
-- Name: pptk pptk_unit_kerja_id_fkey; Type: FK CONSTRAINT; Schema: public; Owner: dokumen_user
--

ALTER TABLE ONLY public.pptk
    ADD CONSTRAINT pptk_unit_kerja_id_fkey FOREIGN KEY (unit_kerja_id) REFERENCES public.unit_kerja(id) ON DELETE RESTRICT;


--
-- Name: user_pptk user_pptk_pptk_id_fkey; Type: FK CONSTRAINT; Schema: public; Owner: dokumen_user
--

ALTER TABLE ONLY public.user_pptk
    ADD CONSTRAINT user_pptk_pptk_id_fkey FOREIGN KEY (pptk_id) REFERENCES public.pptk(id) ON DELETE CASCADE;


--
-- Name: user_pptk user_pptk_user_id_fkey; Type: FK CONSTRAINT; Schema: public; Owner: dokumen_user
--

ALTER TABLE ONLY public.user_pptk
    ADD CONSTRAINT user_pptk_user_id_fkey FOREIGN KEY (user_id) REFERENCES public.users(id) ON DELETE CASCADE;


--
-- Name: users users_pptk_id_fkey; Type: FK CONSTRAINT; Schema: public; Owner: dokumen_user
--

ALTER TABLE ONLY public.users
    ADD CONSTRAINT users_pptk_id_fkey FOREIGN KEY (pptk_id) REFERENCES public.pptk(id) ON DELETE SET NULL;


--
-- Name: users users_unit_kerja_id_fkey; Type: FK CONSTRAINT; Schema: public; Owner: dokumen_user
--

ALTER TABLE ONLY public.users
    ADD CONSTRAINT users_unit_kerja_id_fkey FOREIGN KEY (unit_kerja_id) REFERENCES public.unit_kerja(id) ON DELETE SET NULL;


--
-- PostgreSQL database dump complete
--

\unrestrict E87N7xItzeEExQOsdwi47TQ3QBvOQpsAfOAVyb5y5P6hESaQkUHMxw1yxXLCtc6

